abbrev,title,cluster,qid,block,primary_drift,condition,suffix_was_stripped,tokens,d1,d2,d3,d4,total,d1_per1k,d2_per1k,d3_per1k,d4_per1k,total_per1k,tokens_raw,d4_raw,total_raw,d4_per1k_raw,total_per1k_raw
aobf,Autobiography of Benjamin Franklin,G2,Q01,1,D3,A1,False,275,0,0,0,0,0,0.0,0.0,0.0,0.0,0.0,275,0,0,0.0,0.0
aobf,Autobiography of Benjamin Franklin,G2,Q01,1,D3,A2,False,162,0,0,0,1,1,0.0,0.0,0.0,6.172839506172839,6.172839506172839,162,1,1,6.172839506172839,6.172839506172839
aobf,Autobiography of Benjamin Franklin,G2,Q01,1,D3,B,True,141,0,1,0,1,2,0.0,7.092198581560283,0.0,7.092198581560283,14.184397163120567,160,2,3,12.5,18.75
aobf,Autobiography of Benjamin Franklin,G2,Q02,1,D3,A1,False,366,0,3,0,0,3,0.0,8.196721311475411,0.0,0.0,8.196721311475411,366,0,3,0.0,8.196721311475411
aobf,Autobiography of Benjamin Franklin,G2,Q02,1,D3,A2,False,278,0,1,0,0,1,0.0,3.5971223021582737,0.0,0.0,3.5971223021582737,278,0,1,0.0,3.5971223021582737
aobf,Autobiography of Benjamin Franklin,G2,Q02,1,D3,B,True,131,0,1,0,0,1,0.0,7.633587786259541,0.0,0.0,7.633587786259541,151,1,2,6.622516556291391,13.245033112582782
aobf,Autobiography of Benjamin Franklin,G2,Q03,1,D3,A1,False,302,0,1,0,0,1,0.0,3.3112582781456954,0.0,0.0,3.3112582781456954,302,0,1,0.0,3.3112582781456954
aobf,Autobiography of Benjamin Franklin,G2,Q03,1,D3,A2,False,264,0,0,0,0,0,0.0,0.0,0.0,0.0,0.0,264,0,0,0.0,0.0
aobf,Autobiography of Benjamin Franklin,G2,Q03,1,D3,B,True,141,0,1,1,0,2,0.0,7.092198581560283,7.092198581560283,0.0,14.184397163120567,162,1,3,6.172839506172839,18.51851851851852
aobf,Autobiography of Benjamin Franklin,G2,Q04,2,D1,A1,False,405,1,0,0,0,1,2.4691358024691357,0.0,0.0,0.0,2.4691358024691357,405,0,1,0.0,2.4691358024691357
aobf,Autobiography of Benjamin Franklin,G2,Q04,2,D1,A2,False,311,0,2,1,0,3,0.0,6.430868167202572,3.215434083601286,0.0,9.64630225080386,311,0,3,0.0,9.64630225080386
aobf,Autobiography of Benjamin Franklin,G2,Q04,2,D1,B,True,158,0,1,0,0,1,0.0,6.329113924050633,0.0,0.0,6.329113924050633,182,1,3,5.4945054945054945,16.483516483516485
aobf,Autobiography of Benjamin Franklin,G2,Q05,2,D1,A1,False,456,1,2,1,0,4,2.1929824561403506,4.385964912280701,2.1929824561403506,0.0,8.771929824561402,456,0,4,0.0,8.771929824561402
aobf,Autobiography of Benjamin Franklin,G2,Q05,2,D1,A2,False,329,0,2,2,1,5,0.0,6.079027355623101,6.079027355623101,3.0395136778115504,15.197568389057752,329,1,5,3.0395136778115504,15.197568389057752
aobf,Autobiography of Benjamin Franklin,G2,Q05,2,D1,B,True,147,0,1,0,0,1,0.0,6.802721088435374,0.0,0.0,6.802721088435374,168,1,2,5.952380952380952,11.904761904761903
aobf,Autobiography of Benjamin Franklin,G2,Q06,3,D2,A1,False,575,0,5,1,0,6,0.0,8.695652173913043,1.7391304347826089,0.0,10.434782608695652,575,0,6,0.0,10.434782608695652
aobf,Autobiography of Benjamin Franklin,G2,Q06,3,D2,A2,False,438,0,3,0,0,3,0.0,6.8493150684931505,0.0,0.0,6.8493150684931505,438,0,3,0.0,6.8493150684931505
aobf,Autobiography of Benjamin Franklin,G2,Q06,3,D2,B,True,163,0,1,1,0,2,0.0,6.134969325153374,6.134969325153374,0.0,12.269938650306749,186,1,3,5.376344086021506,16.129032258064516
aobf,Autobiography of Benjamin Franklin,G2,Q07,3,D2,A1,False,484,0,1,0,1,2,0.0,2.066115702479339,0.0,2.066115702479339,4.132231404958678,484,1,2,2.066115702479339,4.132231404958678
aobf,Autobiography of Benjamin Franklin,G2,Q07,3,D2,A2,False,411,0,1,1,1,3,0.0,2.4330900243309004,2.4330900243309004,2.4330900243309004,7.299270072992701,411,1,3,2.4330900243309004,7.299270072992701
aobf,Autobiography of Benjamin Franklin,G2,Q07,3,D2,B,True,173,0,0,0,0,0,0.0,0.0,0.0,0.0,0.0,192,1,1,5.208333333333333,5.208333333333333
aobf,Autobiography of Benjamin Franklin,G2,Q08,3,D2,A1,False,503,0,0,0,0,0,0.0,0.0,0.0,0.0,0.0,503,0,0,0.0,0.0
aobf,Autobiography of Benjamin Franklin,G2,Q08,3,D2,A2,False,419,0,2,2,0,4,0.0,4.773269689737471,4.773269689737471,0.0,9.546539379474941,419,0,4,0.0,9.546539379474941
aobf,Autobiography of Benjamin Franklin,G2,Q08,3,D2,B,True,169,0,0,1,0,1,0.0,0.0,5.9171597633136095,0.0,5.9171597633136095,192,1,2,5.208333333333333,10.416666666666666
aobf,Autobiography of Benjamin Franklin,G2,Q09,4,D3,A1,False,583,0,0,0,0,0,0.0,0.0,0.0,0.0,0.0,583,0,0,0.0,0.0
aobf,Autobiography of Benjamin Franklin,G2,Q09,4,D3,A2,False,394,0,1,0,0,1,0.0,2.5380710659898473,0.0,0.0,2.5380710659898473,394,0,1,0.0,2.5380710659898473
aobf,Autobiography of Benjamin Franklin,G2,Q09,4,D3,B,True,195,0,1,0,0,1,0.0,5.128205128205129,0.0,0.0,5.128205128205129,216,1,2,4.62962962962963,9.25925925925926
aobf,Autobiography of Benjamin Franklin,G2,Q10,4,D3,A1,False,610,0,0,0,0,0,0.0,0.0,0.0,0.0,0.0,610,0,0,0.0,0.0
aobf,Autobiography of Benjamin Franklin,G2,Q10,4,D3,A2,False,452,1,2,1,0,4,2.2123893805309733,4.424778761061947,2.2123893805309733,0.0,8.849557522123893,452,0,4,0.0,8.849557522123893
aobf,Autobiography of Benjamin Franklin,G2,Q10,4,D3,B,True,222,0,1,1,0,2,0.0,4.504504504504505,4.504504504504505,0.0,9.00900900900901,245,1,3,4.081632653061225,12.244897959183673
aobf,Autobiography of Benjamin Franklin,G2,Q11,5,D1,A1,False,671,0,2,0,0,2,0.0,2.9806259314456036,0.0,0.0,2.9806259314456036,671,0,2,0.0,2.9806259314456036
aobf,Autobiography of Benjamin Franklin,G2,Q11,5,D1,A2,False,551,1,4,1,1,7,1.8148820326678765,7.259528130671506,1.8148820326678765,1.8148820326678765,12.704174228675136,551,1,7,1.8148820326678765,12.704174228675136
aobf,Autobiography of Benjamin Franklin,G2,Q11,5,D1,B,True,191,0,2,0,1,3,0.0,10.471204188481677,0.0,5.235602094240838,15.706806282722512,213,2,4,9.389671361502348,18.779342723004696
aobf,Autobiography of Benjamin Franklin,G2,Q12,5,D4,A1,False,324,0,2,1,0,3,0.0,6.172839506172839,3.0864197530864197,0.0,9.25925925925926,324,0,3,0.0,9.25925925925926
aobf,Autobiography of Benjamin Franklin,G2,Q12,5,D4,A2,False,259,1,5,1,1,8,3.8610038610038613,19.305019305019304,3.8610038610038613,3.8610038610038613,30.88803088803089,259,1,8,3.8610038610038613,30.88803088803089
aobf,Autobiography of Benjamin Franklin,G2,Q12,5,D4,B,True,143,0,0,1,0,1,0.0,0.0,6.993006993006993,0.0,6.993006993006993,165,1,2,6.0606060606060606,12.121212121212121
aobf,Autobiography of Benjamin Franklin,G2,Q13,5,D4,A1,False,384,0,2,2,0,4,0.0,5.208333333333333,5.208333333333333,0.0,10.416666666666666,384,0,4,0.0,10.416666666666666
aobf,Autobiography of Benjamin Franklin,G2,Q13,5,D4,A2,False,421,1,2,2,0,5,2.375296912114014,4.750593824228028,4.750593824228028,0.0,11.876484560570072,421,0,5,0.0,11.876484560570072
aobf,Autobiography of Benjamin Franklin,G2,Q13,5,D4,B,True,181,0,0,0,0,0,0.0,0.0,0.0,0.0,0.0,203,1,1,4.926108374384237,4.926108374384237
aobf,Autobiography of Benjamin Franklin,G2,Q14,5,D3,A1,False,383,0,0,0,0,0,0.0,0.0,0.0,0.0,0.0,383,0,0,0.0,0.0
aobf,Autobiography of Benjamin Franklin,G2,Q14,5,D3,A2,False,424,0,2,0,0,2,0.0,4.716981132075471,0.0,0.0,4.716981132075471,424,0,2,0.0,4.716981132075471
aobf,Autobiography of Benjamin Franklin,G2,Q14,5,D3,B,True,185,0,0,0,0,0,0.0,0.0,0.0,0.0,0.0,205,1,1,4.878048780487805,4.878048780487805
aobf,Autobiography of Benjamin Franklin,G2,Q15,5,D3,A1,False,470,0,3,3,0,6,0.0,6.382978723404255,6.382978723404255,0.0,12.76595744680851,470,0,6,0.0,12.76595744680851
aobf,Autobiography of Benjamin Franklin,G2,Q15,5,D3,A2,False,485,0,5,2,0,7,0.0,10.309278350515465,4.123711340206186,0.0,14.43298969072165,485,0,7,0.0,14.43298969072165
aobf,Autobiography of Benjamin Franklin,G2,Q15,5,D3,B,True,184,0,1,1,1,3,0.0,5.434782608695652,5.434782608695652,5.434782608695652,16.304347826086957,205,2,4,9.75609756097561,19.51219512195122
aow,Art of War,G3,Q01,1,D3,A1,False,399,0,0,0,0,0,0.0,0.0,0.0,0.0,0.0,399,0,0,0.0,0.0
aow,Art of War,G3,Q01,1,D3,A2,False,179,0,0,0,0,0,0.0,0.0,0.0,0.0,0.0,179,0,0,0.0,0.0
aow,Art of War,G3,Q01,1,D3,B,True,154,0,0,0,0,0,0.0,0.0,0.0,0.0,0.0,171,1,1,5.847953216374268,5.847953216374268
aow,Art of War,G3,Q02,1,D3,A1,False,368,0,0,0,0,0,0.0,0.0,0.0,0.0,0.0,368,0,0,0.0,0.0
aow,Art of War,G3,Q02,1,D3,A2,False,222,0,0,0,0,0,0.0,0.0,0.0,0.0,0.0,222,0,0,0.0,0.0
aow,Art of War,G3,Q02,1,D3,B,True,166,0,0,0,0,0,0.0,0.0,0.0,0.0,0.0,184,1,1,5.434782608695652,5.434782608695652
aow,Art of War,G3,Q03,1,D3,A1,False,307,0,1,0,0,1,0.0,3.257328990228013,0.0,0.0,3.257328990228013,307,0,1,0.0,3.257328990228013
aow,Art of War,G3,Q03,1,D3,A2,False,248,0,0,2,0,2,0.0,0.0,8.064516129032258,0.0,8.064516129032258,248,0,2,0.0,8.064516129032258
aow,Art of War,G3,Q03,1,D3,B,True,167,0,0,1,0,1,0.0,0.0,5.9880239520958085,0.0,5.9880239520958085,184,1,2,5.434782608695652,10.869565217391305
aow,Art of War,G3,Q04,2,D1,A1,False,548,1,1,3,0,5,1.8248175182481752,1.8248175182481752,5.474452554744526,0.0,9.124087591240874,548,0,5,0.0,9.124087591240874
aow,Art of War,G3,Q04,2,D1,A2,False,273,0,3,0,1,4,0.0,10.989010989010989,0.0,3.663003663003663,14.652014652014651,273,1,4,3.663003663003663,14.652014652014651
aow,Art of War,G3,Q04,2,D1,B,True,171,0,0,0,0,0,0.0,0.0,0.0,0.0,0.0,187,1,1,5.347593582887701,5.347593582887701
aow,Art of War,G3,Q05,2,D1,A1,False,469,0,0,1,0,1,0.0,0.0,2.1321961620469083,0.0,2.1321961620469083,469,0,1,0.0,2.1321961620469083
aow,Art of War,G3,Q05,2,D1,A2,False,311,0,1,0,0,1,0.0,3.215434083601286,0.0,0.0,3.215434083601286,311,0,1,0.0,3.215434083601286
aow,Art of War,G3,Q05,2,D1,B,True,152,0,1,0,0,1,0.0,6.578947368421052,0.0,0.0,6.578947368421052,171,1,2,5.847953216374268,11.695906432748536
aow,Art of War,G3,Q06,3,D2,A1,False,527,0,1,2,0,3,0.0,1.8975332068311195,3.795066413662239,0.0,5.692599620493358,527,0,3,0.0,5.692599620493358
aow,Art of War,G3,Q06,3,D2,A2,False,409,0,1,2,0,3,0.0,2.444987775061125,4.88997555012225,0.0,7.334963325183374,409,0,3,0.0,7.334963325183374
aow,Art of War,G3,Q06,3,D2,B,True,177,0,0,0,0,0,0.0,0.0,0.0,0.0,0.0,195,1,1,5.128205128205129,5.128205128205129
aow,Art of War,G3,Q07,3,D2,A1,False,532,0,1,0,0,1,0.0,1.8796992481203008,0.0,0.0,1.8796992481203008,532,0,1,0.0,1.8796992481203008
aow,Art of War,G3,Q07,3,D2,A2,False,443,0,3,0,3,6,0.0,6.772009029345372,0.0,6.772009029345372,13.544018058690744,443,3,6,6.772009029345372,13.544018058690744
aow,Art of War,G3,Q07,3,D2,B,True,203,0,0,0,0,0,0.0,0.0,0.0,0.0,0.0,221,1,1,4.524886877828055,4.524886877828055
aow,Art of War,G3,Q08,3,D2,A1,False,541,0,3,0,0,3,0.0,5.545286506469501,0.0,0.0,5.545286506469501,541,0,3,0.0,5.545286506469501
aow,Art of War,G3,Q08,3,D2,A2,False,374,1,1,0,0,2,2.6737967914438503,2.6737967914438503,0.0,0.0,5.347593582887701,374,0,2,0.0,5.347593582887701
aow,Art of War,G3,Q08,3,D2,B,True,190,0,0,0,0,0,0.0,0.0,0.0,0.0,0.0,204,1,1,4.901960784313726,4.901960784313726
aow,Art of War,G3,Q09,4,D3,A1,False,564,0,0,0,0,0,0.0,0.0,0.0,0.0,0.0,564,0,0,0.0,0.0
aow,Art of War,G3,Q09,4,D3,A2,False,401,0,0,0,0,0,0.0,0.0,0.0,0.0,0.0,401,0,0,0.0,0.0
aow,Art of War,G3,Q09,4,D3,B,True,194,0,0,0,0,0,0.0,0.0,0.0,0.0,0.0,215,1,1,4.651162790697675,4.651162790697675
aow,Art of War,G3,Q10,4,D3,A1,False,549,0,2,0,0,2,0.0,3.6429872495446265,0.0,0.0,3.6429872495446265,549,0,2,0.0,3.6429872495446265
aow,Art of War,G3,Q10,4,D3,A2,False,471,0,1,1,0,2,0.0,2.1231422505307855,2.1231422505307855,0.0,4.246284501061571,471,0,2,0.0,4.246284501061571
aow,Art of War,G3,Q10,4,D3,B,True,213,0,1,1,0,2,0.0,4.694835680751174,4.694835680751174,0.0,9.389671361502348,229,1,3,4.366812227074235,13.100436681222707
aow,Art of War,G3,Q11,5,D1,A1,False,774,0,4,0,0,4,0.0,5.167958656330749,0.0,0.0,5.167958656330749,774,0,4,0.0,5.167958656330749
aow,Art of War,G3,Q11,5,D1,A2,False,595,0,1,0,1,2,0.0,1.680672268907563,0.0,1.680672268907563,3.361344537815126,595,1,2,1.680672268907563,3.361344537815126
aow,Art of War,G3,Q11,5,D1,B,True,258,0,1,0,0,1,0.0,3.875968992248062,0.0,0.0,3.875968992248062,276,1,2,3.6231884057971016,7.246376811594203
aow,Art of War,G3,Q12,5,D4,A1,False,373,0,1,0,0,1,0.0,2.680965147453083,0.0,0.0,2.680965147453083,373,0,1,0.0,2.680965147453083
aow,Art of War,G3,Q12,5,D4,A2,False,318,0,5,0,0,5,0.0,15.723270440251572,0.0,0.0,15.723270440251572,318,0,5,0.0,15.723270440251572
aow,Art of War,G3,Q12,5,D4,B,True,150,0,1,0,0,1,0.0,6.666666666666667,0.0,0.0,6.666666666666667,170,1,2,5.88235294117647,11.76470588235294
aow,Art of War,G3,Q13,5,D4,A1,False,426,0,2,2,0,4,0.0,4.694835680751174,4.694835680751174,0.0,9.389671361502348,426,0,4,0.0,9.389671361502348
aow,Art of War,G3,Q13,5,D4,A2,False,430,0,0,1,0,1,0.0,0.0,2.3255813953488373,0.0,2.3255813953488373,430,0,1,0.0,2.3255813953488373
aow,Art of War,G3,Q13,5,D4,B,True,181,0,0,0,0,0,0.0,0.0,0.0,0.0,0.0,199,1,1,5.025125628140704,5.025125628140704
aow,Art of War,G3,Q14,5,D3,A1,False,367,0,2,0,0,2,0.0,5.449591280653951,0.0,0.0,5.449591280653951,367,0,2,0.0,5.449591280653951
aow,Art of War,G3,Q14,5,D3,A2,False,381,0,0,0,0,0,0.0,0.0,0.0,0.0,0.0,381,0,0,0.0,0.0
aow,Art of War,G3,Q14,5,D3,B,True,193,0,1,0,0,1,0.0,5.181347150259067,0.0,0.0,5.181347150259067,213,1,2,4.694835680751174,9.389671361502348
aow,Art of War,G3,Q15,5,D3,A1,False,472,0,1,3,0,4,0.0,2.1186440677966103,6.355932203389831,0.0,8.474576271186441,472,0,4,0.0,8.474576271186441
aow,Art of War,G3,Q15,5,D3,A2,False,474,0,4,4,1,9,0.0,8.438818565400844,8.438818565400844,2.109704641350211,18.9873417721519,474,1,9,2.109704641350211,18.9873417721519
aow,Art of War,G3,Q15,5,D3,B,True,193,0,0,1,0,1,0.0,0.0,5.181347150259067,0.0,5.181347150259067,212,1,2,4.716981132075471,9.433962264150942
coa,The Confessions of St. Augustine,G1,Q01,1,D3,A1,False,420,0,0,2,0,2,0.0,0.0,4.761904761904763,0.0,4.761904761904763,420,0,2,0.0,4.761904761904763
coa,The Confessions of St. Augustine,G1,Q01,1,D3,A2,False,158,0,0,1,0,1,0.0,0.0,6.329113924050633,0.0,6.329113924050633,158,0,1,0.0,6.329113924050633
coa,The Confessions of St. Augustine,G1,Q01,1,D3,B,True,132,0,1,1,0,2,0.0,7.575757575757576,7.575757575757576,0.0,15.151515151515152,153,1,3,6.5359477124183005,19.607843137254903
coa,The Confessions of St. Augustine,G1,Q02,1,D3,A1,False,364,0,0,1,0,1,0.0,0.0,2.7472527472527473,0.0,2.7472527472527473,364,0,1,0.0,2.7472527472527473
coa,The Confessions of St. Augustine,G1,Q02,1,D3,A2,False,276,0,1,1,0,2,0.0,3.6231884057971016,3.6231884057971016,0.0,7.246376811594203,276,0,2,0.0,7.246376811594203
coa,The Confessions of St. Augustine,G1,Q02,1,D3,B,True,139,0,0,0,0,0,0.0,0.0,0.0,0.0,0.0,158,0,0,0.0,0.0
coa,The Confessions of St. Augustine,G1,Q03,1,D3,A1,False,432,0,1,2,0,3,0.0,2.314814814814815,4.62962962962963,0.0,6.944444444444444,432,0,3,0.0,6.944444444444444
coa,The Confessions of St. Augustine,G1,Q03,1,D3,A2,False,226,0,0,1,0,1,0.0,0.0,4.424778761061947,0.0,4.424778761061947,226,0,1,0.0,4.424778761061947
coa,The Confessions of St. Augustine,G1,Q03,1,D3,B,True,144,0,1,0,1,2,0.0,6.944444444444444,0.0,6.944444444444444,13.888888888888888,168,2,3,11.904761904761903,17.857142857142858
coa,The Confessions of St. Augustine,G1,Q04,2,D1,A1,False,476,0,1,2,0,3,0.0,2.100840336134454,4.201680672268908,0.0,6.302521008403361,476,0,3,0.0,6.302521008403361
coa,The Confessions of St. Augustine,G1,Q04,2,D1,A2,False,295,0,3,4,1,8,0.0,10.169491525423728,13.559322033898304,3.389830508474576,27.11864406779661,295,1,8,3.389830508474576,27.11864406779661
coa,The Confessions of St. Augustine,G1,Q04,2,D1,B,True,148,0,0,1,0,1,0.0,0.0,6.756756756756757,0.0,6.756756756756757,170,1,2,5.88235294117647,11.76470588235294
coa,The Confessions of St. Augustine,G1,Q05,2,D1,A1,False,569,0,1,1,1,3,0.0,1.757469244288225,1.757469244288225,1.757469244288225,5.272407732864675,569,1,3,1.757469244288225,5.272407732864675
coa,The Confessions of St. Augustine,G1,Q05,2,D1,A2,False,335,0,1,0,1,2,0.0,2.985074626865672,0.0,2.985074626865672,5.970149253731344,335,1,2,2.985074626865672,5.970149253731344
coa,The Confessions of St. Augustine,G1,Q05,2,D1,B,True,183,0,0,0,1,1,0.0,0.0,0.0,5.46448087431694,5.46448087431694,203,2,2,9.852216748768473,9.852216748768473
coa,The Confessions of St. Augustine,G1,Q06,3,D2,A1,False,681,0,0,4,1,5,0.0,0.0,5.873715124816446,1.4684287812041115,7.342143906020558,681,1,5,1.4684287812041115,7.342143906020558
coa,The Confessions of St. Augustine,G1,Q06,3,D2,A2,False,404,1,3,2,0,6,2.4752475247524752,7.425742574257425,4.9504950495049505,0.0,14.85148514851485,404,0,6,0.0,14.85148514851485
coa,The Confessions of St. Augustine,G1,Q06,3,D2,B,True,150,0,0,1,0,1,0.0,0.0,6.666666666666667,0.0,6.666666666666667,173,1,2,5.780346820809248,11.560693641618496
coa,The Confessions of St. Augustine,G1,Q07,3,D2,A1,False,631,0,0,2,1,3,0.0,0.0,3.1695721077654517,1.5847860538827259,4.754358161648177,631,1,3,1.5847860538827259,4.754358161648177
coa,The Confessions of St. Augustine,G1,Q07,3,D2,A2,False,403,1,4,1,2,8,2.4813895781637716,9.925558312655086,2.4813895781637716,4.962779156327543,19.851116625310173,403,2,8,4.962779156327543,19.851116625310173
coa,The Confessions of St. Augustine,G1,Q07,3,D2,B,True,156,0,0,1,0,1,0.0,0.0,6.41025641025641,0.0,6.41025641025641,179,1,2,5.58659217877095,11.1731843575419
coa,The Confessions of St. Augustine,G1,Q08,3,D2,A1,False,567,0,0,5,0,5,0.0,0.0,8.818342151675484,0.0,8.818342151675484,567,0,5,0.0,8.818342151675484
coa,The Confessions of St. Augustine,G1,Q08,3,D2,A2,False,448,0,5,2,0,7,0.0,11.160714285714286,4.464285714285714,0.0,15.625,448,0,7,0.0,15.625
coa,The Confessions of St. Augustine,G1,Q08,3,D2,B,True,134,0,1,0,0,1,0.0,7.462686567164179,0.0,0.0,7.462686567164179,162,1,2,6.172839506172839,12.345679012345679
coa,The Confessions of St. Augustine,G1,Q09,4,D3,A1,False,688,0,0,1,0,1,0.0,0.0,1.4534883720930232,0.0,1.4534883720930232,688,0,1,0.0,1.4534883720930232
coa,The Confessions of St. Augustine,G1,Q09,4,D3,A2,False,454,0,1,1,0,2,0.0,2.2026431718061676,2.2026431718061676,0.0,4.405286343612335,454,0,2,0.0,4.405286343612335
coa,The Confessions of St. Augustine,G1,Q09,4,D3,B,True,172,0,1,0,0,1,0.0,5.813953488372093,0.0,0.0,5.813953488372093,193,1,2,5.181347150259067,10.362694300518134
coa,The Confessions of St. Augustine,G1,Q10,4,D3,A1,False,548,1,2,2,1,6,1.8248175182481752,3.6496350364963503,3.6496350364963503,1.8248175182481752,10.948905109489052,548,1,6,1.8248175182481752,10.948905109489052
coa,The Confessions of St. Augustine,G1,Q10,4,D3,A2,False,475,0,1,4,0,5,0.0,2.1052631578947367,8.421052631578947,0.0,10.526315789473683,475,0,5,0.0,10.526315789473683
coa,The Confessions of St. Augustine,G1,Q10,4,D3,B,True,191,0,0,1,0,1,0.0,0.0,5.235602094240838,0.0,5.235602094240838,211,1,2,4.739336492890995,9.47867298578199
coa,The Confessions of St. Augustine,G1,Q11,5,D1,A1,False,733,0,0,0,2,2,0.0,0.0,0.0,2.728512960436562,2.728512960436562,733,2,2,2.728512960436562,2.728512960436562
coa,The Confessions of St. Augustine,G1,Q11,5,D1,A2,False,554,1,6,4,4,15,1.8050541516245489,10.830324909747292,7.220216606498195,7.220216606498195,27.075812274368232,554,4,15,7.220216606498195,27.075812274368232
coa,The Confessions of St. Augustine,G1,Q11,5,D1,B,True,168,0,1,1,0,2,0.0,5.952380952380952,5.952380952380952,0.0,11.904761904761903,191,1,3,5.235602094240838,15.706806282722512
coa,The Confessions of St. Augustine,G1,Q12,5,D4,A1,False,490,0,0,0,0,0,0.0,0.0,0.0,0.0,0.0,490,0,0,0.0,0.0
coa,The Confessions of St. Augustine,G1,Q12,5,D4,A2,False,349,0,1,3,0,4,0.0,2.865329512893983,8.595988538681949,0.0,11.461318051575931,349,0,4,0.0,11.461318051575931
coa,The Confessions of St. Augustine,G1,Q12,5,D4,B,True,146,0,0,0,0,0,0.0,0.0,0.0,0.0,0.0,168,1,1,5.952380952380952,5.952380952380952
coa,The Confessions of St. Augustine,G1,Q13,5,D4,A1,False,454,0,0,2,0,2,0.0,0.0,4.405286343612335,0.0,4.405286343612335,454,0,2,0.0,4.405286343612335
coa,The Confessions of St. Augustine,G1,Q13,5,D4,A2,False,384,1,1,4,0,6,2.6041666666666665,2.6041666666666665,10.416666666666666,0.0,15.625,384,0,6,0.0,15.625
coa,The Confessions of St. Augustine,G1,Q13,5,D4,B,True,161,0,0,1,1,2,0.0,0.0,6.211180124223602,6.211180124223602,12.422360248447204,187,2,3,10.695187165775401,16.0427807486631
coa,The Confessions of St. Augustine,G1,Q14,5,D3,A1,False,488,0,1,0,0,1,0.0,2.0491803278688527,0.0,0.0,2.0491803278688527,488,0,1,0.0,2.0491803278688527
coa,The Confessions of St. Augustine,G1,Q14,5,D3,A2,False,407,0,1,0,0,1,0.0,2.457002457002457,0.0,0.0,2.457002457002457,407,0,1,0.0,2.457002457002457
coa,The Confessions of St. Augustine,G1,Q14,5,D3,B,True,168,0,0,0,0,0,0.0,0.0,0.0,0.0,0.0,189,1,1,5.291005291005291,5.291005291005291
coa,The Confessions of St. Augustine,G1,Q15,5,D3,A1,False,556,0,1,3,0,4,0.0,1.7985611510791368,5.39568345323741,0.0,7.194244604316547,556,0,4,0.0,7.194244604316547
coa,The Confessions of St. Augustine,G1,Q15,5,D3,A2,False,462,0,3,2,0,5,0.0,6.493506493506494,4.329004329004329,0.0,10.822510822510822,462,0,5,0.0,10.822510822510822
coa,The Confessions of St. Augustine,G1,Q15,5,D3,B,True,185,0,0,2,0,2,0.0,0.0,10.81081081081081,0.0,10.81081081081081,203,1,3,4.926108374384237,14.778325123152708
jsm,Autobiography of John Stuart Mill,G1,Q01,1,D3,A1,False,419,0,1,1,0,2,0.0,2.3866348448687353,2.3866348448687353,0.0,4.773269689737471,419,0,2,0.0,4.773269689737471
jsm,Autobiography of John Stuart Mill,G1,Q01,1,D3,A2,False,299,0,2,1,0,3,0.0,6.688963210702341,3.3444816053511706,0.0,10.033444816053512,299,0,3,0.0,10.033444816053512
jsm,Autobiography of John Stuart Mill,G1,Q01,1,D3,B,True,139,0,1,0,0,1,0.0,7.194244604316547,0.0,0.0,7.194244604316547,155,1,2,6.451612903225806,12.903225806451612
jsm,Autobiography of John Stuart Mill,G1,Q02,1,D3,A1,False,438,0,1,1,0,2,0.0,2.28310502283105,2.28310502283105,0.0,4.5662100456621,438,0,2,0.0,4.5662100456621
jsm,Autobiography of John Stuart Mill,G1,Q02,1,D3,A2,False,302,0,3,0,0,3,0.0,9.933774834437086,0.0,0.0,9.933774834437086,302,0,3,0.0,9.933774834437086
jsm,Autobiography of John Stuart Mill,G1,Q02,1,D3,B,True,138,0,0,0,0,0,0.0,0.0,0.0,0.0,0.0,156,1,1,6.41025641025641,6.41025641025641
jsm,Autobiography of John Stuart Mill,G1,Q03,1,D3,A1,False,357,0,1,1,0,2,0.0,2.8011204481792715,2.8011204481792715,0.0,5.602240896358543,357,0,2,0.0,5.602240896358543
jsm,Autobiography of John Stuart Mill,G1,Q03,1,D3,A2,False,295,0,0,0,0,0,0.0,0.0,0.0,0.0,0.0,295,0,0,0.0,0.0
jsm,Autobiography of John Stuart Mill,G1,Q03,1,D3,B,True,144,0,0,0,0,0,0.0,0.0,0.0,0.0,0.0,165,1,1,6.0606060606060606,6.0606060606060606
jsm,Autobiography of John Stuart Mill,G1,Q04,2,D1,A1,False,475,0,3,2,0,5,0.0,6.315789473684211,4.2105263157894735,0.0,10.526315789473683,475,0,5,0.0,10.526315789473683
jsm,Autobiography of John Stuart Mill,G1,Q04,2,D1,A2,False,370,0,5,0,1,6,0.0,13.513513513513514,0.0,2.7027027027027026,16.216216216216218,370,1,6,2.7027027027027026,16.216216216216218
jsm,Autobiography of John Stuart Mill,G1,Q04,2,D1,B,True,148,0,1,0,0,1,0.0,6.756756756756757,0.0,0.0,6.756756756756757,167,1,2,5.9880239520958085,11.976047904191617
jsm,Autobiography of John Stuart Mill,G1,Q05,2,D1,A1,False,567,2,2,2,0,6,3.527336860670194,3.527336860670194,3.527336860670194,0.0,10.582010582010582,567,0,6,0.0,10.582010582010582
jsm,Autobiography of John Stuart Mill,G1,Q05,2,D1,A2,False,387,1,2,2,2,7,2.5839793281653747,5.167958656330749,5.167958656330749,5.167958656330749,18.08785529715762,387,2,7,5.167958656330749,18.08785529715762
jsm,Autobiography of John Stuart Mill,G1,Q05,2,D1,B,True,141,0,1,0,0,1,0.0,7.092198581560283,0.0,0.0,7.092198581560283,160,1,2,6.25,12.5
jsm,Autobiography of John Stuart Mill,G1,Q06,3,D2,A1,False,684,4,2,2,0,8,5.847953216374268,2.923976608187134,2.923976608187134,0.0,11.695906432748536,684,0,8,0.0,11.695906432748536
jsm,Autobiography of John Stuart Mill,G1,Q06,3,D2,A2,False,449,4,6,1,0,11,8.908685968819599,13.3630289532294,2.2271714922048997,0.0,24.498886414253896,449,0,11,0.0,24.498886414253896
jsm,Autobiography of John Stuart Mill,G1,Q06,3,D2,B,True,148,0,0,0,0,0,0.0,0.0,0.0,0.0,0.0,164,1,1,6.097560975609756,6.097560975609756
jsm,Autobiography of John Stuart Mill,G1,Q07,3,D2,A1,False,395,0,0,0,0,0,0.0,0.0,0.0,0.0,0.0,395,0,0,0.0,0.0
jsm,Autobiography of John Stuart Mill,G1,Q07,3,D2,A2,False,382,2,2,0,0,4,5.235602094240838,5.235602094240838,0.0,0.0,10.471204188481677,382,0,4,0.0,10.471204188481677
jsm,Autobiography of John Stuart Mill,G1,Q07,3,D2,B,True,117,0,1,0,0,1,0.0,8.547008547008549,0.0,0.0,8.547008547008549,135,1,2,7.407407407407407,14.814814814814815
jsm,Autobiography of John Stuart Mill,G1,Q08,3,D2,A1,False,624,0,1,2,0,3,0.0,1.6025641025641024,3.205128205128205,0.0,4.807692307692308,624,0,3,0.0,4.807692307692308
jsm,Autobiography of John Stuart Mill,G1,Q08,3,D2,A2,False,458,0,1,1,0,2,0.0,2.1834061135371177,2.1834061135371177,0.0,4.366812227074235,458,0,2,0.0,4.366812227074235
jsm,Autobiography of John Stuart Mill,G1,Q08,3,D2,B,True,130,0,0,1,1,2,0.0,0.0,7.6923076923076925,7.6923076923076925,15.384615384615385,150,2,3,13.333333333333334,20.0
jsm,Autobiography of John Stuart Mill,G1,Q09,4,D3,A1,False,604,0,2,0,0,2,0.0,3.3112582781456954,0.0,0.0,3.3112582781456954,604,0,2,0.0,3.3112582781456954
jsm,Autobiography of John Stuart Mill,G1,Q09,4,D3,A2,False,437,0,0,1,0,1,0.0,0.0,2.288329519450801,0.0,2.288329519450801,437,0,1,0.0,2.288329519450801
jsm,Autobiography of John Stuart Mill,G1,Q09,4,D3,B,True,138,0,0,0,0,0,0.0,0.0,0.0,0.0,0.0,161,1,1,6.211180124223602,6.211180124223602
jsm,Autobiography of John Stuart Mill,G1,Q10,4,D3,A1,False,546,0,1,4,0,5,0.0,1.8315018315018314,7.326007326007326,0.0,9.157509157509159,546,0,5,0.0,9.157509157509159
jsm,Autobiography of John Stuart Mill,G1,Q10,4,D3,A2,False,487,0,1,1,0,2,0.0,2.053388090349076,2.053388090349076,0.0,4.106776180698152,487,0,2,0.0,4.106776180698152
jsm,Autobiography of John Stuart Mill,G1,Q10,4,D3,B,True,149,0,1,1,0,2,0.0,6.7114093959731544,6.7114093959731544,0.0,13.422818791946309,165,1,3,6.0606060606060606,18.18181818181818
jsm,Autobiography of John Stuart Mill,G1,Q11,5,D1,A1,False,606,0,3,1,1,5,0.0,4.9504950495049505,1.6501650165016502,1.6501650165016502,8.25082508250825,606,1,5,1.6501650165016502,8.25082508250825
jsm,Autobiography of John Stuart Mill,G1,Q11,5,D1,A2,False,554,2,6,0,3,11,3.6101083032490977,10.830324909747292,0.0,5.415162454873646,19.855595667870038,554,3,11,5.415162454873646,19.855595667870038
jsm,Autobiography of John Stuart Mill,G1,Q11,5,D1,B,True,155,0,0,1,0,1,0.0,0.0,6.451612903225806,0.0,6.451612903225806,171,1,2,5.847953216374268,11.695906432748536
jsm,Autobiography of John Stuart Mill,G1,Q12,5,D4,A1,False,435,1,2,2,0,5,2.2988505747126435,4.597701149425287,4.597701149425287,0.0,11.494252873563218,435,0,5,0.0,11.494252873563218
jsm,Autobiography of John Stuart Mill,G1,Q12,5,D4,A2,False,412,1,2,2,1,6,2.4271844660194173,4.854368932038835,4.854368932038835,2.4271844660194173,14.563106796116505,412,1,6,2.4271844660194173,14.563106796116505
jsm,Autobiography of John Stuart Mill,G1,Q12,5,D4,B,True,118,0,2,0,0,2,0.0,16.949152542372882,0.0,0.0,16.949152542372882,133,1,3,7.518796992481203,22.55639097744361
jsm,Autobiography of John Stuart Mill,G1,Q13,5,D4,A1,False,493,0,3,1,1,5,0.0,6.085192697768763,2.028397565922921,2.028397565922921,10.141987829614605,493,1,5,2.028397565922921,10.141987829614605
jsm,Autobiography of John Stuart Mill,G1,Q13,5,D4,A2,False,434,0,4,1,0,5,0.0,9.216589861751151,2.304147465437788,0.0,11.520737327188941,434,0,5,0.0,11.520737327188941
jsm,Autobiography of John Stuart Mill,G1,Q13,5,D4,B,True,132,0,1,0,0,1,0.0,7.575757575757576,0.0,0.0,7.575757575757576,148,1,2,6.756756756756757,13.513513513513514
jsm,Autobiography of John Stuart Mill,G1,Q14,5,D3,A1,False,385,0,0,0,0,0,0.0,0.0,0.0,0.0,0.0,385,0,0,0.0,0.0
jsm,Autobiography of John Stuart Mill,G1,Q14,5,D3,A2,False,492,0,1,0,0,1,0.0,2.032520325203252,0.0,0.0,2.032520325203252,492,0,1,0.0,2.032520325203252
jsm,Autobiography of John Stuart Mill,G1,Q14,5,D3,B,True,145,0,0,0,0,0,0.0,0.0,0.0,0.0,0.0,165,1,1,6.0606060606060606,6.0606060606060606
jsm,Autobiography of John Stuart Mill,G1,Q15,5,D3,A1,False,613,2,3,4,0,9,3.2626427406199023,4.893964110929852,6.525285481239805,0.0,14.68189233278956,613,0,9,0.0,14.68189233278956
jsm,Autobiography of John Stuart Mill,G1,Q15,5,D3,A2,False,488,0,3,1,1,5,0.0,6.147540983606557,2.0491803278688527,2.0491803278688527,10.245901639344261,488,1,5,2.0491803278688527,10.245901639344261
jsm,Autobiography of John Stuart Mill,G1,Q15,5,D3,B,True,151,0,0,0,1,1,0.0,0.0,0.0,6.622516556291391,6.622516556291391,168,2,2,11.904761904761903,11.904761904761903
lofd,Narrative of the Life of Frederick Douglass,G2,Q01,1,D3,A1,False,351,0,0,1,0,1,0.0,0.0,2.849002849002849,0.0,2.849002849002849,351,0,1,0.0,2.849002849002849
lofd,Narrative of the Life of Frederick Douglass,G2,Q01,1,D3,A2,False,236,1,0,1,0,2,4.237288135593221,0.0,4.237288135593221,0.0,8.474576271186441,236,0,2,0.0,8.474576271186441
lofd,Narrative of the Life of Frederick Douglass,G2,Q01,1,D3,B,True,153,0,0,1,0,1,0.0,0.0,6.5359477124183005,0.0,6.5359477124183005,175,1,2,5.714285714285714,11.428571428571429
lofd,Narrative of the Life of Frederick Douglass,G2,Q02,1,D3,A1,False,431,0,0,0,0,0,0.0,0.0,0.0,0.0,0.0,431,0,0,0.0,0.0
lofd,Narrative of the Life of Frederick Douglass,G2,Q02,1,D3,A2,False,240,0,1,0,0,1,0.0,4.166666666666667,0.0,0.0,4.166666666666667,240,0,1,0.0,4.166666666666667
lofd,Narrative of the Life of Frederick Douglass,G2,Q02,1,D3,B,True,157,0,0,0,0,0,0.0,0.0,0.0,0.0,0.0,179,1,1,5.58659217877095,5.58659217877095
lofd,Narrative of the Life of Frederick Douglass,G2,Q03,1,D3,A1,False,331,0,0,0,0,0,0.0,0.0,0.0,0.0,0.0,331,0,0,0.0,0.0
lofd,Narrative of the Life of Frederick Douglass,G2,Q03,1,D3,A2,False,246,1,0,0,0,1,4.065040650406504,0.0,0.0,0.0,4.065040650406504,246,0,1,0.0,4.065040650406504
lofd,Narrative of the Life of Frederick Douglass,G2,Q03,1,D3,B,True,160,0,0,0,0,0,0.0,0.0,0.0,0.0,0.0,183,1,1,5.46448087431694,5.46448087431694
lofd,Narrative of the Life of Frederick Douglass,G2,Q04,2,D1,A1,False,471,3,3,3,0,9,6.369426751592357,6.369426751592357,6.369426751592357,0.0,19.108280254777068,471,0,9,0.0,19.108280254777068
lofd,Narrative of the Life of Frederick Douglass,G2,Q04,2,D1,A2,False,307,2,4,1,1,8,6.514657980456026,13.029315960912053,3.257328990228013,3.257328990228013,26.058631921824105,307,1,8,3.257328990228013,26.058631921824105
lofd,Narrative of the Life of Frederick Douglass,G2,Q04,2,D1,B,True,158,1,1,1,0,3,6.329113924050633,6.329113924050633,6.329113924050633,0.0,18.9873417721519,183,1,4,5.46448087431694,21.85792349726776
lofd,Narrative of the Life of Frederick Douglass,G2,Q05,2,D1,A1,False,542,1,3,1,0,5,1.8450184501845017,5.535055350553505,1.8450184501845017,0.0,9.22509225092251,542,0,5,0.0,9.22509225092251
lofd,Narrative of the Life of Frederick Douglass,G2,Q05,2,D1,A2,False,326,1,3,1,0,5,3.067484662576687,9.202453987730062,3.067484662576687,0.0,15.337423312883436,326,0,5,0.0,15.337423312883436
lofd,Narrative of the Life of Frederick Douglass,G2,Q05,2,D1,B,True,147,0,0,0,0,0,0.0,0.0,0.0,0.0,0.0,166,1,1,6.024096385542169,6.024096385542169
lofd,Narrative of the Life of Frederick Douglass,G2,Q06,3,D2,A1,False,654,3,4,2,0,9,4.587155963302752,6.116207951070336,3.058103975535168,0.0,13.761467889908257,654,0,9,0.0,13.761467889908257
lofd,Narrative of the Life of Frederick Douglass,G2,Q06,3,D2,A2,False,423,4,3,1,0,8,9.456264775413711,7.092198581560283,2.3640661938534278,0.0,18.912529550827422,423,0,8,0.0,18.912529550827422
lofd,Narrative of the Life of Frederick Douglass,G2,Q06,3,D2,B,True,171,0,1,0,0,1,0.0,5.847953216374268,0.0,0.0,5.847953216374268,189,1,2,5.291005291005291,10.582010582010582
lofd,Narrative of the Life of Frederick Douglass,G2,Q07,3,D2,A1,False,445,1,0,0,0,1,2.247191011235955,0.0,0.0,0.0,2.247191011235955,445,0,1,0.0,2.247191011235955
lofd,Narrative of the Life of Frederick Douglass,G2,Q07,3,D2,A2,False,402,0,5,1,1,7,0.0,12.437810945273633,2.487562189054726,2.487562189054726,17.412935323383085,402,1,7,2.487562189054726,17.412935323383085
lofd,Narrative of the Life of Frederick Douglass,G2,Q07,3,D2,B,True,148,0,1,0,0,1,0.0,6.756756756756757,0.0,0.0,6.756756756756757,176,1,2,5.681818181818182,11.363636363636363
lofd,Narrative of the Life of Frederick Douglass,G2,Q08,3,D2,A1,False,521,1,1,1,0,3,1.9193857965451055,1.9193857965451055,1.9193857965451055,0.0,5.758157389635317,521,0,3,0.0,5.758157389635317
lofd,Narrative of the Life of Frederick Douglass,G2,Q08,3,D2,A2,False,419,1,1,2,0,4,2.3866348448687353,2.3866348448687353,4.773269689737471,0.0,9.546539379474941,419,0,4,0.0,9.546539379474941
lofd,Narrative of the Life of Frederick Douglass,G2,Q08,3,D2,B,True,173,1,0,1,0,2,5.780346820809248,0.0,5.780346820809248,0.0,11.560693641618496,193,1,3,5.181347150259067,15.544041450777202
lofd,Narrative of the Life of Frederick Douglass,G2,Q09,4,D3,A1,False,574,0,1,1,0,2,0.0,1.7421602787456445,1.7421602787456445,0.0,3.484320557491289,574,0,2,0.0,3.484320557491289
lofd,Narrative of the Life of Frederick Douglass,G2,Q09,4,D3,A2,False,442,0,2,1,0,3,0.0,4.524886877828055,2.2624434389140275,0.0,6.787330316742081,442,0,3,0.0,6.787330316742081
lofd,Narrative of the Life of Frederick Douglass,G2,Q09,4,D3,B,True,207,0,0,0,0,0,0.0,0.0,0.0,0.0,0.0,230,1,1,4.3478260869565215,4.3478260869565215
lofd,Narrative of the Life of Frederick Douglass,G2,Q10,4,D3,A1,False,559,0,1,0,0,1,0.0,1.7889087656529516,0.0,0.0,1.7889087656529516,559,0,1,0.0,1.7889087656529516
lofd,Narrative of the Life of Frederick Douglass,G2,Q10,4,D3,A2,False,531,3,0,1,0,4,5.649717514124294,0.0,1.8832391713747645,0.0,7.532956685499058,531,0,4,0.0,7.532956685499058
lofd,Narrative of the Life of Frederick Douglass,G2,Q10,4,D3,B,True,211,0,0,0,0,0,0.0,0.0,0.0,0.0,0.0,236,1,1,4.237288135593221,4.237288135593221
lofd,Narrative of the Life of Frederick Douglass,G2,Q11,5,D1,A1,False,607,1,1,1,2,5,1.6474464579901154,1.6474464579901154,1.6474464579901154,3.2948929159802307,8.237232289950576,607,2,5,3.2948929159802307,8.237232289950576
lofd,Narrative of the Life of Frederick Douglass,G2,Q11,5,D1,A2,False,505,4,3,2,1,10,7.920792079207921,5.9405940594059405,3.9603960396039604,1.9801980198019802,19.801980198019802,505,1,10,1.9801980198019802,19.801980198019802
lofd,Narrative of the Life of Frederick Douglass,G2,Q11,5,D1,B,True,181,0,1,0,0,1,0.0,5.524861878453039,0.0,0.0,5.524861878453039,202,1,3,4.9504950495049505,14.85148514851485
lofd,Narrative of the Life of Frederick Douglass,G2,Q12,5,D4,A1,False,354,0,0,0,0,0,0.0,0.0,0.0,0.0,0.0,354,0,0,0.0,0.0
lofd,Narrative of the Life of Frederick Douglass,G2,Q12,5,D4,A2,False,365,1,1,3,0,5,2.73972602739726,2.73972602739726,8.21917808219178,0.0,13.698630136986301,365,0,5,0.0,13.698630136986301
lofd,Narrative of the Life of Frederick Douglass,G2,Q12,5,D4,B,True,147,1,0,0,0,1,6.802721088435374,0.0,0.0,0.0,6.802721088435374,166,1,2,6.024096385542169,12.048192771084338
lofd,Narrative of the Life of Frederick Douglass,G2,Q13,5,D4,A1,False,473,3,0,0,0,3,6.342494714587738,0.0,0.0,0.0,6.342494714587738,473,0,3,0.0,6.342494714587738
lofd,Narrative of the Life of Frederick Douglass,G2,Q13,5,D4,A2,False,389,2,1,1,0,4,5.141388174807197,2.5706940874035986,2.5706940874035986,0.0,10.282776349614394,389,0,4,0.0,10.282776349614394
lofd,Narrative of the Life of Frederick Douglass,G2,Q13,5,D4,B,True,152,0,0,0,0,0,0.0,0.0,0.0,0.0,0.0,177,1,1,5.649717514124294,5.649717514124294
lofd,Narrative of the Life of Frederick Douglass,G2,Q14,5,D3,A1,False,389,0,1,0,0,1,0.0,2.5706940874035986,0.0,0.0,2.5706940874035986,389,0,1,0.0,2.5706940874035986
lofd,Narrative of the Life of Frederick Douglass,G2,Q14,5,D3,A2,False,405,0,0,0,1,1,0.0,0.0,0.0,2.4691358024691357,2.4691358024691357,405,1,1,2.4691358024691357,2.4691358024691357
lofd,Narrative of the Life of Frederick Douglass,G2,Q14,5,D3,B,True,172,0,0,0,1,1,0.0,0.0,0.0,5.813953488372093,5.813953488372093,192,2,2,10.416666666666666,10.416666666666666
lofd,Narrative of the Life of Frederick Douglass,G2,Q15,5,D3,A1,False,525,2,2,3,0,7,3.8095238095238093,3.8095238095238093,5.714285714285714,0.0,13.333333333333334,525,0,7,0.0,13.333333333333334
lofd,Narrative of the Life of Frederick Douglass,G2,Q15,5,D3,A2,False,436,1,1,1,1,4,2.293577981651376,2.293577981651376,2.293577981651376,2.293577981651376,9.174311926605505,436,1,4,2.293577981651376,9.174311926605505
lofd,Narrative of the Life of Frederick Douglass,G2,Q15,5,D3,B,True,179,0,0,0,0,0,0.0,0.0,0.0,0.0,0.0,201,1,1,4.975124378109452,4.975124378109452
med,Meditations,G1,Q01,1,D3,A1,False,451,2,0,0,0,2,4.434589800443459,0.0,0.0,0.0,4.434589800443459,451,0,2,0.0,4.434589800443459
med,Meditations,G1,Q01,1,D3,A2,False,246,2,1,0,1,4,8.130081300813009,4.065040650406504,0.0,4.065040650406504,16.260162601626018,246,1,4,4.065040650406504,16.260162601626018
med,Meditations,G1,Q01,1,D3,B,True,131,1,0,0,0,1,7.633587786259541,0.0,0.0,0.0,7.633587786259541,149,1,2,6.7114093959731544,13.422818791946309
med,Meditations,G1,Q02,1,D3,A1,False,340,2,0,0,0,2,5.88235294117647,0.0,0.0,0.0,5.88235294117647,340,0,2,0.0,5.88235294117647
med,Meditations,G1,Q02,1,D3,A2,False,320,2,0,0,1,3,6.25,0.0,0.0,3.125,9.375,320,1,3,3.125,9.375
med,Meditations,G1,Q02,1,D3,B,True,126,0,0,0,0,0,0.0,0.0,0.0,0.0,0.0,147,1,1,6.802721088435374,6.802721088435374
med,Meditations,G1,Q03,1,D3,A1,False,336,0,0,0,0,0,0.0,0.0,0.0,0.0,0.0,336,0,0,0.0,0.0
med,Meditations,G1,Q03,1,D3,A2,False,275,1,1,1,1,4,3.6363636363636362,3.6363636363636362,3.6363636363636362,3.6363636363636362,14.545454545454545,275,1,4,3.6363636363636362,14.545454545454545
med,Meditations,G1,Q03,1,D3,B,True,137,1,0,0,0,1,7.299270072992701,0.0,0.0,0.0,7.299270072992701,157,1,2,6.369426751592357,12.738853503184714
med,Meditations,G1,Q04,2,D1,A1,False,372,2,1,1,0,4,5.376344086021506,2.688172043010753,2.688172043010753,0.0,10.752688172043012,372,0,4,0.0,10.752688172043012
med,Meditations,G1,Q04,2,D1,A2,False,304,3,2,2,1,8,9.868421052631579,6.578947368421052,6.578947368421052,3.289473684210526,26.31578947368421,304,1,8,3.289473684210526,26.31578947368421
med,Meditations,G1,Q04,2,D1,B,True,138,0,0,0,0,0,0.0,0.0,0.0,0.0,0.0,156,1,1,6.41025641025641,6.41025641025641
med,Meditations,G1,Q05,2,D1,A1,False,473,2,1,1,0,4,4.2283298097251585,2.1141649048625792,2.1141649048625792,0.0,8.456659619450317,473,0,4,0.0,8.456659619450317
med,Meditations,G1,Q05,2,D1,A2,False,352,2,1,0,1,4,5.681818181818182,2.840909090909091,0.0,2.840909090909091,11.363636363636363,352,1,4,2.840909090909091,11.363636363636363
med,Meditations,G1,Q05,2,D1,B,True,151,1,0,0,1,2,6.622516556291391,0.0,0.0,6.622516556291391,13.245033112582782,171,2,3,11.695906432748536,17.543859649122805
med,Meditations,G1,Q06,3,D2,A1,False,676,2,2,0,0,4,2.9585798816568047,2.9585798816568047,0.0,0.0,5.9171597633136095,676,0,4,0.0,5.9171597633136095
med,Meditations,G1,Q06,3,D2,A2,False,418,2,5,0,1,8,4.784688995215311,11.961722488038278,0.0,2.3923444976076556,19.138755980861244,418,1,8,2.3923444976076556,19.138755980861244
med,Meditations,G1,Q06,3,D2,B,True,143,1,0,0,1,2,6.993006993006993,0.0,0.0,6.993006993006993,13.986013986013987,164,2,3,12.195121951219512,18.29268292682927
med,Meditations,G1,Q07,3,D2,A1,False,533,1,0,0,0,1,1.876172607879925,0.0,0.0,0.0,1.876172607879925,533,0,1,0.0,1.876172607879925
med,Meditations,G1,Q07,3,D2,A2,False,461,2,2,0,2,6,4.3383947939262475,4.3383947939262475,0.0,4.3383947939262475,13.015184381778742,461,2,6,4.3383947939262475,13.015184381778742
med,Meditations,G1,Q07,3,D2,B,True,172,0,2,0,0,2,0.0,11.627906976744185,0.0,0.0,11.627906976744185,190,1,3,5.263157894736842,15.789473684210527
med,Meditations,G1,Q08,3,D2,A1,False,733,6,0,0,0,6,8.185538881309686,0.0,0.0,0.0,8.185538881309686,733,0,6,0.0,8.185538881309686
med,Meditations,G1,Q08,3,D2,A2,False,462,2,0,1,0,3,4.329004329004329,0.0,2.1645021645021645,0.0,6.493506493506494,462,0,3,0.0,6.493506493506494
med,Meditations,G1,Q08,3,D2,B,True,178,0,1,0,0,1,0.0,5.617977528089887,0.0,0.0,5.617977528089887,198,1,2,5.050505050505051,10.101010101010102
med,Meditations,G1,Q09,4,D3,A1,False,782,0,0,0,0,0,0.0,0.0,0.0,0.0,0.0,782,0,0,0.0,0.0
med,Meditations,G1,Q09,4,D3,A2,False,457,1,1,0,0,2,2.1881838074398248,2.1881838074398248,0.0,0.0,4.3763676148796495,457,0,2,0.0,4.3763676148796495
med,Meditations,G1,Q09,4,D3,B,True,196,0,0,0,0,0,0.0,0.0,0.0,0.0,0.0,217,1,1,4.608294930875576,4.608294930875576
med,Meditations,G1,Q10,4,D3,A1,False,608,0,0,1,0,1,0.0,0.0,1.644736842105263,0.0,1.644736842105263,608,0,1,0.0,1.644736842105263
med,Meditations,G1,Q10,4,D3,A2,False,485,0,3,2,0,5,0.0,6.185567010309278,4.123711340206186,0.0,10.309278350515465,485,0,5,0.0,10.309278350515465
med,Meditations,G1,Q10,4,D3,B,True,215,0,0,0,0,0,0.0,0.0,0.0,0.0,0.0,233,1,1,4.291845493562231,4.291845493562231
med,Meditations,G1,Q11,5,D1,A1,False,925,1,0,0,1,2,1.0810810810810811,0.0,0.0,1.0810810810810811,2.1621621621621623,925,1,2,1.0810810810810811,2.1621621621621623
med,Meditations,G1,Q11,5,D1,A2,False,509,0,4,0,4,8,0.0,7.858546168958742,0.0,7.858546168958742,15.717092337917483,509,4,8,7.858546168958742,15.717092337917483
med,Meditations,G1,Q11,5,D1,B,True,219,1,2,0,1,4,4.5662100456621,9.1324200913242,0.0,4.5662100456621,18.2648401826484,239,2,5,8.368200836820083,20.920502092050206
med,Meditations,G1,Q12,5,D4,A1,False,442,0,0,0,0,0,0.0,0.0,0.0,0.0,0.0,442,0,0,0.0,0.0
med,Meditations,G1,Q12,5,D4,A2,False,422,2,3,1,0,6,4.739336492890995,7.109004739336492,2.3696682464454977,0.0,14.218009478672984,422,0,6,0.0,14.218009478672984
med,Meditations,G1,Q12,5,D4,B,True,171,0,1,0,0,1,0.0,5.847953216374268,0.0,0.0,5.847953216374268,191,1,2,5.235602094240838,10.471204188481677
med,Meditations,G1,Q13,5,D4,A1,False,430,5,2,1,0,8,11.627906976744185,4.651162790697675,2.3255813953488373,0.0,18.6046511627907,430,0,8,0.0,18.6046511627907
med,Meditations,G1,Q13,5,D4,A2,False,401,3,3,2,0,8,7.481296758104738,7.481296758104738,4.987531172069826,0.0,19.950124688279303,401,0,8,0.0,19.950124688279303
med,Meditations,G1,Q13,5,D4,B,True,169,2,1,1,0,4,11.834319526627219,5.9171597633136095,5.9171597633136095,0.0,23.668639053254438,189,1,5,5.291005291005291,26.455026455026452
med,Meditations,G1,Q14,5,D3,A1,False,471,0,0,0,0,0,0.0,0.0,0.0,0.0,0.0,471,0,0,0.0,0.0
med,Meditations,G1,Q14,5,D3,A2,False,532,1,3,0,0,4,1.8796992481203008,5.639097744360902,0.0,0.0,7.518796992481203,532,0,4,0.0,7.518796992481203
med,Meditations,G1,Q14,5,D3,B,True,194,0,2,0,0,2,0.0,10.309278350515465,0.0,0.0,10.309278350515465,213,1,3,4.694835680751174,14.084507042253522
med,Meditations,G1,Q15,5,D3,A1,False,491,3,3,3,0,9,6.109979633401222,6.109979633401222,6.109979633401222,0.0,18.329938900203665,491,0,9,0.0,18.329938900203665
med,Meditations,G1,Q15,5,D3,A2,False,473,6,4,3,0,13,12.684989429175475,8.456659619450317,6.342494714587738,0.0,27.48414376321353,473,0,13,0.0,27.48414376321353
med,Meditations,G1,Q15,5,D3,B,True,187,1,3,1,0,5,5.347593582887701,16.0427807486631,5.347593582887701,0.0,26.737967914438503,206,1,6,4.854368932038835,29.12621359223301
nw,Nathan the Wise,G3,Q01,1,D3,A1,False,445,0,1,0,0,1,0.0,2.247191011235955,0.0,0.0,2.247191011235955,445,0,1,0.0,2.247191011235955
nw,Nathan the Wise,G3,Q01,1,D3,A2,False,167,0,0,0,0,0,0.0,0.0,0.0,0.0,0.0,167,0,0,0.0,0.0
nw,Nathan the Wise,G3,Q01,1,D3,B,True,134,0,1,0,0,1,0.0,7.462686567164179,0.0,0.0,7.462686567164179,150,1,2,6.666666666666667,13.333333333333334
nw,Nathan the Wise,G3,Q02,1,D3,A1,False,384,0,0,0,0,0,0.0,0.0,0.0,0.0,0.0,384,0,0,0.0,0.0
nw,Nathan the Wise,G3,Q02,1,D3,A2,False,209,0,0,0,0,0,0.0,0.0,0.0,0.0,0.0,209,0,0,0.0,0.0
nw,Nathan the Wise,G3,Q02,1,D3,B,True,128,0,1,0,0,1,0.0,7.8125,0.0,0.0,7.8125,147,1,2,6.802721088435374,13.605442176870747
nw,Nathan the Wise,G3,Q03,1,D3,A1,False,353,0,0,0,0,0,0.0,0.0,0.0,0.0,0.0,353,0,0,0.0,0.0
nw,Nathan the Wise,G3,Q03,1,D3,A2,False,223,0,0,1,0,1,0.0,0.0,4.484304932735426,0.0,4.484304932735426,223,0,1,0.0,4.484304932735426
nw,Nathan the Wise,G3,Q03,1,D3,B,True,129,0,0,0,0,0,0.0,0.0,0.0,0.0,0.0,146,1,1,6.8493150684931505,6.8493150684931505
nw,Nathan the Wise,G3,Q04,2,D1,A1,False,423,1,1,1,0,3,2.3640661938534278,2.3640661938534278,2.3640661938534278,0.0,7.092198581560283,423,0,3,0.0,7.092198581560283
nw,Nathan the Wise,G3,Q04,2,D1,A2,False,304,0,2,0,1,3,0.0,6.578947368421052,0.0,3.289473684210526,9.868421052631579,304,1,3,3.289473684210526,9.868421052631579
nw,Nathan the Wise,G3,Q04,2,D1,B,True,132,0,0,0,0,0,0.0,0.0,0.0,0.0,0.0,150,1,1,6.666666666666667,6.666666666666667
nw,Nathan the Wise,G3,Q05,2,D1,A1,False,514,1,3,0,0,4,1.9455252918287937,5.836575875486381,0.0,0.0,7.782101167315175,514,0,4,0.0,7.782101167315175
nw,Nathan the Wise,G3,Q05,2,D1,A2,False,321,0,0,1,1,2,0.0,0.0,3.115264797507788,3.115264797507788,6.230529595015576,321,1,2,3.115264797507788,6.230529595015576
nw,Nathan the Wise,G3,Q05,2,D1,B,True,142,0,0,0,0,0,0.0,0.0,0.0,0.0,0.0,164,1,1,6.097560975609756,6.097560975609756
nw,Nathan the Wise,G3,Q06,3,D2,A1,False,592,3,0,1,0,4,5.0675675675675675,0.0,1.6891891891891893,0.0,6.756756756756757,592,0,4,0.0,6.756756756756757
nw,Nathan the Wise,G3,Q06,3,D2,A2,False,324,0,2,0,0,2,0.0,6.172839506172839,0.0,0.0,6.172839506172839,324,0,2,0.0,6.172839506172839
nw,Nathan the Wise,G3,Q06,3,D2,B,True,133,0,0,0,0,0,0.0,0.0,0.0,0.0,0.0,150,1,1,6.666666666666667,6.666666666666667
nw,Nathan the Wise,G3,Q07,3,D2,A1,False,590,0,0,0,1,1,0.0,0.0,0.0,1.694915254237288,1.694915254237288,590,1,1,1.694915254237288,1.694915254237288
nw,Nathan the Wise,G3,Q07,3,D2,A2,False,400,0,0,0,3,3,0.0,0.0,0.0,7.5,7.5,400,3,3,7.5,7.5
nw,Nathan the Wise,G3,Q07,3,D2,B,True,141,0,0,0,0,0,0.0,0.0,0.0,0.0,0.0,161,1,1,6.211180124223602,6.211180124223602
nw,Nathan the Wise,G3,Q08,3,D2,A1,False,553,0,0,0,0,0,0.0,0.0,0.0,0.0,0.0,553,0,0,0.0,0.0
nw,Nathan the Wise,G3,Q08,3,D2,A2,False,438,0,1,1,0,2,0.0,2.28310502283105,2.28310502283105,0.0,4.5662100456621,438,0,2,0.0,4.5662100456621
nw,Nathan the Wise,G3,Q08,3,D2,B,True,141,0,0,0,0,0,0.0,0.0,0.0,0.0,0.0,158,1,1,6.329113924050633,6.329113924050633
nw,Nathan the Wise,G3,Q09,4,D3,A1,False,554,0,2,0,0,2,0.0,3.6101083032490977,0.0,0.0,3.6101083032490977,554,0,2,0.0,3.6101083032490977
nw,Nathan the Wise,G3,Q09,4,D3,A2,False,403,0,1,1,1,3,0.0,2.4813895781637716,2.4813895781637716,2.4813895781637716,7.444168734491315,403,1,3,2.4813895781637716,7.444168734491315
nw,Nathan the Wise,G3,Q09,4,D3,B,True,152,0,0,0,0,0,0.0,0.0,0.0,0.0,0.0,173,1,1,5.780346820809248,5.780346820809248
nw,Nathan the Wise,G3,Q10,4,D3,A1,False,585,0,0,0,0,0,0.0,0.0,0.0,0.0,0.0,585,0,0,0.0,0.0
nw,Nathan the Wise,G3,Q10,4,D3,A2,False,467,0,1,0,0,1,0.0,2.1413276231263385,0.0,0.0,2.1413276231263385,467,0,1,0.0,2.1413276231263385
nw,Nathan the Wise,G3,Q10,4,D3,B,True,182,0,0,0,0,0,0.0,0.0,0.0,0.0,0.0,197,1,1,5.076142131979695,5.076142131979695
nw,Nathan the Wise,G3,Q11,5,D1,A1,False,627,0,1,0,0,1,0.0,1.594896331738437,0.0,0.0,1.594896331738437,627,0,1,0.0,1.594896331738437
nw,Nathan the Wise,G3,Q11,5,D1,A2,False,475,1,0,1,4,6,2.1052631578947367,0.0,2.1052631578947367,8.421052631578947,12.631578947368421,475,4,6,8.421052631578947,12.631578947368421
nw,Nathan the Wise,G3,Q11,5,D1,B,True,150,0,1,0,0,1,0.0,6.666666666666667,0.0,0.0,6.666666666666667,169,1,2,5.9171597633136095,11.834319526627219
nw,Nathan the Wise,G3,Q12,5,D4,A1,False,372,0,1,0,0,1,0.0,2.688172043010753,0.0,0.0,2.688172043010753,372,0,1,0.0,2.688172043010753
nw,Nathan the Wise,G3,Q12,5,D4,A2,False,412,0,1,1,1,3,0.0,2.4271844660194173,2.4271844660194173,2.4271844660194173,7.281553398058253,412,1,3,2.4271844660194173,7.281553398058253
nw,Nathan the Wise,G3,Q12,5,D4,B,True,155,0,0,0,1,1,0.0,0.0,0.0,6.451612903225806,6.451612903225806,171,2,2,11.695906432748536,11.695906432748536
nw,Nathan the Wise,G3,Q13,5,D4,A1,False,421,0,0,1,0,1,0.0,0.0,2.375296912114014,0.0,2.375296912114014,421,0,1,0.0,2.375296912114014
nw,Nathan the Wise,G3,Q13,5,D4,A2,False,413,0,2,1,0,3,0.0,4.842615012106537,2.4213075060532687,0.0,7.263922518159807,413,0,3,0.0,7.263922518159807
nw,Nathan the Wise,G3,Q13,5,D4,B,True,146,0,0,0,0,0,0.0,0.0,0.0,0.0,0.0,160,1,1,6.25,6.25
nw,Nathan the Wise,G3,Q14,5,D3,A1,False,430,0,0,0,0,0,0.0,0.0,0.0,0.0,0.0,430,0,0,0.0,0.0
nw,Nathan the Wise,G3,Q14,5,D3,A2,False,445,0,0,0,0,0,0.0,0.0,0.0,0.0,0.0,445,0,0,0.0,0.0
nw,Nathan the Wise,G3,Q14,5,D3,B,True,180,0,0,0,0,0,0.0,0.0,0.0,0.0,0.0,198,1,1,5.050505050505051,5.050505050505051
nw,Nathan the Wise,G3,Q15,5,D3,A1,False,445,0,0,3,0,3,0.0,0.0,6.741573033707866,0.0,6.741573033707866,445,0,3,0.0,6.741573033707866
nw,Nathan the Wise,G3,Q15,5,D3,A2,False,451,0,1,2,1,4,0.0,2.2172949002217295,4.434589800443459,2.2172949002217295,8.869179600886918,451,1,4,2.2172949002217295,8.869179600886918
nw,Nathan the Wise,G3,Q15,5,D3,B,True,172,0,0,0,0,0,0.0,0.0,0.0,0.0,0.0,189,1,1,5.291005291005291,5.291005291005291
sbf,The Souls of Black Folk,G2,Q01,1,D3,A1,False,496,1,0,0,0,1,2.0161290322580645,0.0,0.0,0.0,2.0161290322580645,496,0,1,0.0,2.0161290322580645
sbf,The Souls of Black Folk,G2,Q01,1,D3,A2,False,164,0,0,0,0,0,0.0,0.0,0.0,0.0,0.0,164,0,0,0.0,0.0
sbf,The Souls of Black Folk,G2,Q01,1,D3,B,True,144,1,0,0,0,1,6.944444444444444,0.0,0.0,0.0,6.944444444444444,166,0,1,0.0,6.024096385542169
sbf,The Souls of Black Folk,G2,Q02,1,D3,A1,False,490,0,0,0,0,0,0.0,0.0,0.0,0.0,0.0,490,0,0,0.0,0.0
sbf,The Souls of Black Folk,G2,Q02,1,D3,A2,False,258,0,0,0,0,0,0.0,0.0,0.0,0.0,0.0,258,0,0,0.0,0.0
sbf,The Souls of Black Folk,G2,Q02,1,D3,B,False,181,0,0,0,0,0,0.0,0.0,0.0,0.0,0.0,181,0,0,0.0,0.0
sbf,The Souls of Black Folk,G2,Q03,1,D3,A1,False,516,1,0,0,0,1,1.937984496124031,0.0,0.0,0.0,1.937984496124031,516,0,1,0.0,1.937984496124031
sbf,The Souls of Black Folk,G2,Q03,1,D3,A2,False,241,0,0,0,0,0,0.0,0.0,0.0,0.0,0.0,241,0,0,0.0,0.0
sbf,The Souls of Black Folk,G2,Q03,1,D3,B,True,158,0,0,0,0,0,0.0,0.0,0.0,0.0,0.0,178,0,0,0.0,0.0
sbf,The Souls of Black Folk,G2,Q04,2,D1,A1,False,518,1,0,0,1,2,1.9305019305019306,0.0,0.0,1.9305019305019306,3.8610038610038613,518,1,2,1.9305019305019306,3.8610038610038613
sbf,The Souls of Black Folk,G2,Q04,2,D1,A2,False,292,1,0,1,0,2,3.4246575342465753,0.0,3.4246575342465753,0.0,6.8493150684931505,292,0,2,0.0,6.8493150684931505
sbf,The Souls of Black Folk,G2,Q04,2,D1,B,False,169,0,0,0,0,0,0.0,0.0,0.0,0.0,0.0,169,0,0,0.0,0.0
sbf,The Souls of Black Folk,G2,Q05,2,D1,A1,False,612,1,0,0,0,1,1.6339869281045751,0.0,0.0,0.0,1.6339869281045751,612,0,1,0.0,1.6339869281045751
sbf,The Souls of Black Folk,G2,Q05,2,D1,A2,False,332,1,1,0,1,3,3.0120481927710845,3.0120481927710845,0.0,3.0120481927710845,9.036144578313253,332,1,3,3.0120481927710845,9.036144578313253
sbf,The Souls of Black Folk,G2,Q05,2,D1,B,True,138,0,0,0,0,0,0.0,0.0,0.0,0.0,0.0,163,0,0,0.0,0.0
sbf,The Souls of Black Folk,G2,Q06,3,D2,A1,False,725,1,0,1,0,2,1.379310344827586,0.0,1.379310344827586,0.0,2.758620689655172,725,0,2,0.0,2.758620689655172
sbf,The Souls of Black Folk,G2,Q06,3,D2,A2,False,438,4,2,0,0,6,9.1324200913242,4.5662100456621,0.0,0.0,13.698630136986301,438,0,6,0.0,13.698630136986301
sbf,The Souls of Black Folk,G2,Q06,3,D2,B,False,185,0,1,0,0,1,0.0,5.405405405405405,0.0,0.0,5.405405405405405,185,0,1,0.0,5.405405405405405
sbf,The Souls of Black Folk,G2,Q07,3,D2,A1,False,596,0,0,0,0,0,0.0,0.0,0.0,0.0,0.0,596,0,0,0.0,0.0
sbf,The Souls of Black Folk,G2,Q07,3,D2,A2,False,401,1,1,0,0,2,2.493765586034913,2.493765586034913,0.0,0.0,4.987531172069826,401,0,2,0.0,4.987531172069826
sbf,The Souls of Black Folk,G2,Q07,3,D2,B,True,146,0,0,0,0,0,0.0,0.0,0.0,0.0,0.0,171,0,0,0.0,0.0
sbf,The Souls of Black Folk,G2,Q08,3,D2,A1,False,620,0,0,0,0,0,0.0,0.0,0.0,0.0,0.0,620,0,0,0.0,0.0
sbf,The Souls of Black Folk,G2,Q08,3,D2,A2,False,433,0,1,0,0,1,0.0,2.3094688221709005,0.0,0.0,2.3094688221709005,433,0,1,0.0,2.3094688221709005
sbf,The Souls of Black Folk,G2,Q08,3,D2,B,False,176,0,1,0,0,1,0.0,5.681818181818182,0.0,0.0,5.681818181818182,176,0,1,0.0,5.681818181818182
sbf,The Souls of Black Folk,G2,Q09,4,D3,A1,False,798,2,0,0,0,2,2.506265664160401,0.0,0.0,0.0,2.506265664160401,798,0,2,0.0,2.506265664160401
sbf,The Souls of Black Folk,G2,Q09,4,D3,A2,False,402,1,0,0,0,1,2.487562189054726,0.0,0.0,0.0,2.487562189054726,402,0,1,0.0,2.487562189054726
sbf,The Souls of Black Folk,G2,Q09,4,D3,B,True,175,1,0,0,0,1,5.714285714285714,0.0,0.0,0.0,5.714285714285714,201,0,1,0.0,4.975124378109452
sbf,The Souls of Black Folk,G2,Q10,4,D3,A1,False,649,3,3,0,0,6,4.622496147919877,4.622496147919877,0.0,0.0,9.244992295839754,649,0,6,0.0,9.244992295839754
sbf,The Souls of Black Folk,G2,Q10,4,D3,A2,False,504,0,0,1,0,1,0.0,0.0,1.984126984126984,0.0,1.984126984126984,504,0,1,0.0,1.984126984126984
sbf,The Souls of Black Folk,G2,Q10,4,D3,B,False,230,0,0,0,0,0,0.0,0.0,0.0,0.0,0.0,230,0,0,0.0,0.0
sbf,The Souls of Black Folk,G2,Q11,5,D1,A1,False,691,2,2,0,1,5,2.894356005788712,2.894356005788712,0.0,1.447178002894356,7.23589001447178,691,1,5,1.447178002894356,7.23589001447178
sbf,The Souls of Black Folk,G2,Q11,5,D1,A2,False,482,0,3,1,3,7,0.0,6.224066390041493,2.074688796680498,6.224066390041493,14.522821576763485,482,3,7,6.224066390041493,14.522821576763485
sbf,The Souls of Black Folk,G2,Q11,5,D1,B,True,186,0,1,0,0,1,0.0,5.376344086021506,0.0,0.0,5.376344086021506,215,0,1,0.0,4.651162790697675
sbf,The Souls of Black Folk,G2,Q12,5,D4,A1,False,446,3,0,0,0,3,6.72645739910314,0.0,0.0,0.0,6.72645739910314,446,0,3,0.0,6.72645739910314
sbf,The Souls of Black Folk,G2,Q12,5,D4,A2,False,335,3,1,0,2,6,8.955223880597016,2.985074626865672,0.0,5.970149253731344,17.910447761194032,335,2,6,5.970149253731344,17.910447761194032
sbf,The Souls of Black Folk,G2,Q12,5,D4,B,True,149,1,0,0,0,1,6.7114093959731544,0.0,0.0,0.0,6.7114093959731544,172,0,1,0.0,5.813953488372093
sbf,The Souls of Black Folk,G2,Q13,5,D4,A1,False,491,2,0,0,0,2,4.0733197556008145,0.0,0.0,0.0,4.0733197556008145,491,0,2,0.0,4.0733197556008145
sbf,The Souls of Black Folk,G2,Q13,5,D4,A2,False,367,0,2,0,0,2,0.0,5.449591280653951,0.0,0.0,5.449591280653951,367,0,2,0.0,5.449591280653951
sbf,The Souls of Black Folk,G2,Q13,5,D4,B,True,163,1,0,0,0,1,6.134969325153374,0.0,0.0,0.0,6.134969325153374,186,0,1,0.0,5.376344086021506
sbf,The Souls of Black Folk,G2,Q14,5,D3,A1,False,432,0,0,0,0,0,0.0,0.0,0.0,0.0,0.0,432,0,0,0.0,0.0
sbf,The Souls of Black Folk,G2,Q14,5,D3,A2,False,416,0,0,0,0,0,0.0,0.0,0.0,0.0,0.0,416,0,0,0.0,0.0
sbf,The Souls of Black Folk,G2,Q14,5,D3,B,True,186,0,0,0,0,0,0.0,0.0,0.0,0.0,0.0,209,0,0,0.0,0.0
sbf,The Souls of Black Folk,G2,Q15,5,D3,A1,False,600,2,0,0,0,2,3.3333333333333335,0.0,0.0,0.0,3.3333333333333335,600,0,2,0.0,3.3333333333333335
sbf,The Souls of Black Folk,G2,Q15,5,D3,A2,False,467,0,1,1,0,2,0.0,2.1413276231263385,2.1413276231263385,0.0,4.282655246252677,467,0,2,0.0,4.282655246252677
sbf,The Souls of Black Folk,G2,Q15,5,D3,B,True,186,1,0,0,0,1,5.376344086021506,0.0,0.0,0.0,5.376344086021506,211,0,1,0.0,4.739336492890995
vre,The Varieties of Religious Experience,G1,Q01,1,D3,A1,False,561,1,0,0,0,1,1.7825311942959001,0.0,0.0,0.0,1.7825311942959001,561,0,1,0.0,1.7825311942959001
vre,The Varieties of Religious Experience,G1,Q01,1,D3,A2,False,151,0,0,0,0,0,0.0,0.0,0.0,0.0,0.0,151,0,0,0.0,0.0
vre,The Varieties of Religious Experience,G1,Q01,1,D3,B,True,148,0,0,0,0,0,0.0,0.0,0.0,0.0,0.0,167,1,1,5.9880239520958085,5.9880239520958085
vre,The Varieties of Religious Experience,G1,Q02,1,D3,A1,False,518,1,0,0,0,1,1.9305019305019306,0.0,0.0,0.0,1.9305019305019306,518,0,1,0.0,1.9305019305019306
vre,The Varieties of Religious Experience,G1,Q02,1,D3,A2,False,295,0,0,0,0,0,0.0,0.0,0.0,0.0,0.0,295,0,0,0.0,0.0
vre,The Varieties of Religious Experience,G1,Q02,1,D3,B,True,123,0,0,0,0,0,0.0,0.0,0.0,0.0,0.0,141,1,1,7.092198581560283,7.092198581560283
vre,The Varieties of Religious Experience,G1,Q03,1,D3,A1,False,335,0,0,0,0,0,0.0,0.0,0.0,0.0,0.0,335,0,0,0.0,0.0
vre,The Varieties of Religious Experience,G1,Q03,1,D3,A2,False,295,0,0,0,0,0,0.0,0.0,0.0,0.0,0.0,295,0,0,0.0,0.0
vre,The Varieties of Religious Experience,G1,Q03,1,D3,B,True,147,0,0,0,0,0,0.0,0.0,0.0,0.0,0.0,163,1,1,6.134969325153374,6.134969325153374
vre,The Varieties of Religious Experience,G1,Q04,2,D1,A1,False,509,0,0,0,0,0,0.0,0.0,0.0,0.0,0.0,509,0,0,0.0,0.0
vre,The Varieties of Religious Experience,G1,Q04,2,D1,A2,False,335,2,1,0,1,4,5.970149253731344,2.985074626865672,0.0,2.985074626865672,11.940298507462687,335,1,4,2.985074626865672,11.940298507462687
vre,The Varieties of Religious Experience,G1,Q04,2,D1,B,True,144,0,0,0,0,0,0.0,0.0,0.0,0.0,0.0,163,1,1,6.134969325153374,6.134969325153374
vre,The Varieties of Religious Experience,G1,Q05,2,D1,A1,False,643,1,1,0,0,2,1.5552099533437014,1.5552099533437014,0.0,0.0,3.1104199066874028,643,0,2,0.0,3.1104199066874028
vre,The Varieties of Religious Experience,G1,Q05,2,D1,A2,False,333,0,0,0,1,1,0.0,0.0,0.0,3.003003003003003,3.003003003003003,333,1,1,3.003003003003003,3.003003003003003
vre,The Varieties of Religious Experience,G1,Q05,2,D1,B,True,172,0,0,0,0,0,0.0,0.0,0.0,0.0,0.0,193,1,1,5.181347150259067,5.181347150259067
vre,The Varieties of Religious Experience,G1,Q06,3,D2,A1,False,693,3,5,1,0,9,4.329004329004329,7.215007215007215,1.443001443001443,0.0,12.987012987012989,693,0,9,0.0,12.987012987012989
vre,The Varieties of Religious Experience,G1,Q06,3,D2,A2,False,418,3,7,0,0,10,7.177033492822967,16.74641148325359,0.0,0.0,23.923444976076556,418,0,10,0.0,23.923444976076556
vre,The Varieties of Religious Experience,G1,Q06,3,D2,B,True,158,0,1,0,0,1,0.0,6.329113924050633,0.0,0.0,6.329113924050633,177,1,2,5.649717514124294,11.299435028248588
vre,The Varieties of Religious Experience,G1,Q07,3,D2,A1,False,502,0,2,0,0,2,0.0,3.9840637450199203,0.0,0.0,3.9840637450199203,502,0,2,0.0,3.9840637450199203
vre,The Varieties of Religious Experience,G1,Q07,3,D2,A2,False,415,2,3,0,3,8,4.819277108433735,7.228915662650603,0.0,7.228915662650603,19.27710843373494,415,3,8,7.228915662650603,19.27710843373494
vre,The Varieties of Religious Experience,G1,Q07,3,D2,B,True,190,0,1,0,0,1,0.0,5.263157894736842,0.0,0.0,5.263157894736842,208,1,2,4.807692307692308,9.615384615384617
vre,The Varieties of Religious Experience,G1,Q08,3,D2,A1,False,611,1,1,0,0,2,1.6366612111292964,1.6366612111292964,0.0,0.0,3.273322422258593,611,0,2,0.0,3.273322422258593
vre,The Varieties of Religious Experience,G1,Q08,3,D2,A2,False,462,0,0,1,0,1,0.0,0.0,2.1645021645021645,0.0,2.1645021645021645,462,0,1,0.0,2.1645021645021645
vre,The Varieties of Religious Experience,G1,Q08,3,D2,B,True,172,0,1,0,0,1,0.0,5.813953488372093,0.0,0.0,5.813953488372093,197,1,2,5.076142131979695,10.15228426395939
vre,The Varieties of Religious Experience,G1,Q09,4,D3,A1,False,626,1,1,1,0,3,1.5974440894568689,1.5974440894568689,1.5974440894568689,0.0,4.792332268370607,626,0,3,0.0,4.792332268370607
vre,The Varieties of Religious Experience,G1,Q09,4,D3,A2,False,427,0,0,1,0,1,0.0,0.0,2.34192037470726,0.0,2.34192037470726,427,0,1,0.0,2.34192037470726
vre,The Varieties of Religious Experience,G1,Q09,4,D3,B,True,168,0,0,0,0,0,0.0,0.0,0.0,0.0,0.0,191,1,1,5.235602094240838,5.235602094240838
vre,The Varieties of Religious Experience,G1,Q10,4,D3,A1,False,632,2,0,1,0,3,3.1645569620253164,0.0,1.5822784810126582,0.0,4.746835443037975,632,0,3,0.0,4.746835443037975
vre,The Varieties of Religious Experience,G1,Q10,4,D3,A2,False,461,0,0,0,0,0,0.0,0.0,0.0,0.0,0.0,461,0,0,0.0,0.0
vre,The Varieties of Religious Experience,G1,Q10,4,D3,B,True,198,0,0,0,0,0,0.0,0.0,0.0,0.0,0.0,221,1,1,4.524886877828055,4.524886877828055
vre,The Varieties of Religious Experience,G1,Q11,5,D1,A1,False,754,2,3,0,0,5,2.6525198938992043,3.9787798408488064,0.0,0.0,6.631299734748011,754,0,5,0.0,6.631299734748011
vre,The Varieties of Religious Experience,G1,Q11,5,D1,A2,False,475,0,3,3,4,10,0.0,6.315789473684211,6.315789473684211,8.421052631578947,21.052631578947366,475,4,10,8.421052631578947,21.052631578947366
vre,The Varieties of Religious Experience,G1,Q11,5,D1,B,True,175,0,1,1,0,2,0.0,5.714285714285714,5.714285714285714,0.0,11.428571428571429,193,1,3,5.181347150259067,15.544041450777202
vre,The Varieties of Religious Experience,G1,Q12,5,D4,A1,False,377,1,1,1,0,3,2.6525198938992043,2.6525198938992043,2.6525198938992043,0.0,7.957559681697613,377,0,3,0.0,7.957559681697613
vre,The Varieties of Religious Experience,G1,Q12,5,D4,A2,False,327,0,2,0,1,3,0.0,6.116207951070336,0.0,3.058103975535168,9.174311926605505,327,1,3,3.058103975535168,9.174311926605505
vre,The Varieties of Religious Experience,G1,Q12,5,D4,B,True,168,0,0,0,0,0,0.0,0.0,0.0,0.0,0.0,185,1,1,5.405405405405405,5.405405405405405
vre,The Varieties of Religious Experience,G1,Q13,5,D4,A1,False,527,2,2,0,0,4,3.795066413662239,3.795066413662239,0.0,0.0,7.590132827324478,527,0,4,0.0,7.590132827324478
vre,The Varieties of Religious Experience,G1,Q13,5,D4,A2,False,397,1,0,1,1,3,2.5188916876574305,0.0,2.5188916876574305,2.5188916876574305,7.556675062972292,397,1,3,2.5188916876574305,7.556675062972292
vre,The Varieties of Religious Experience,G1,Q13,5,D4,B,True,161,0,0,0,1,1,0.0,0.0,0.0,6.211180124223602,6.211180124223602,178,2,2,11.235955056179774,11.235955056179774
vre,The Varieties of Religious Experience,G1,Q14,5,D3,A1,False,393,1,0,0,0,1,2.544529262086514,0.0,0.0,0.0,2.544529262086514,393,0,1,0.0,2.544529262086514
vre,The Varieties of Religious Experience,G1,Q14,5,D3,A2,False,460,0,0,0,0,0,0.0,0.0,0.0,0.0,0.0,460,0,0,0.0,0.0
vre,The Varieties of Religious Experience,G1,Q14,5,D3,B,True,200,0,1,0,0,1,0.0,5.0,0.0,0.0,5.0,221,1,2,4.524886877828055,9.04977375565611
vre,The Varieties of Religious Experience,G1,Q15,5,D3,A1,False,488,2,2,3,0,7,4.0983606557377055,4.0983606557377055,6.147540983606557,0.0,14.344262295081968,488,0,7,0.0,14.344262295081968
vre,The Varieties of Religious Experience,G1,Q15,5,D3,A2,False,453,0,0,2,0,2,0.0,0.0,4.415011037527594,0.0,4.415011037527594,453,0,2,0.0,4.415011037527594
vre,The Varieties of Religious Experience,G1,Q15,5,D3,B,True,204,0,1,1,0,2,0.0,4.901960784313726,4.901960784313726,0.0,9.803921568627452,221,1,3,4.524886877828055,13.574660633484163
wdocd,"Walden, and On the Duty of Civil Disobedience",G2,Q01,1,D3,A1,False,592,0,0,0,0,0,0.0,0.0,0.0,0.0,0.0,592,0,0,0.0,0.0
wdocd,"Walden, and On the Duty of Civil Disobedience",G2,Q01,1,D3,A2,False,177,0,0,0,0,0,0.0,0.0,0.0,0.0,0.0,177,0,0,0.0,0.0
wdocd,"Walden, and On the Duty of Civil Disobedience",G2,Q01,1,D3,B,True,151,0,0,0,0,0,0.0,0.0,0.0,0.0,0.0,173,1,1,5.780346820809248,5.780346820809248
wdocd,"Walden, and On the Duty of Civil Disobedience",G2,Q02,1,D3,A1,False,553,0,0,0,0,0,0.0,0.0,0.0,0.0,0.0,553,0,0,0.0,0.0
wdocd,"Walden, and On the Duty of Civil Disobedience",G2,Q02,1,D3,A2,False,173,0,1,0,0,1,0.0,5.780346820809248,0.0,0.0,5.780346820809248,173,0,1,0.0,5.780346820809248
wdocd,"Walden, and On the Duty of Civil Disobedience",G2,Q02,1,D3,B,True,178,0,0,0,0,0,0.0,0.0,0.0,0.0,0.0,198,1,1,5.050505050505051,5.050505050505051
wdocd,"Walden, and On the Duty of Civil Disobedience",G2,Q03,1,D3,A1,False,510,0,0,1,0,1,0.0,0.0,1.9607843137254901,0.0,1.9607843137254901,510,0,1,0.0,1.9607843137254901
wdocd,"Walden, and On the Duty of Civil Disobedience",G2,Q03,1,D3,A2,False,211,0,0,0,1,1,0.0,0.0,0.0,4.739336492890995,4.739336492890995,211,1,1,4.739336492890995,4.739336492890995
wdocd,"Walden, and On the Duty of Civil Disobedience",G2,Q03,1,D3,B,True,184,0,0,0,1,1,0.0,0.0,0.0,5.434782608695652,5.434782608695652,205,2,2,9.75609756097561,9.75609756097561
wdocd,"Walden, and On the Duty of Civil Disobedience",G2,Q04,2,D1,A1,False,517,0,2,0,0,2,0.0,3.8684719535783367,0.0,0.0,3.8684719535783367,517,0,2,0.0,3.8684719535783367
wdocd,"Walden, and On the Duty of Civil Disobedience",G2,Q04,2,D1,A2,False,233,0,2,0,0,2,0.0,8.583690987124463,0.0,0.0,8.583690987124463,233,0,2,0.0,8.583690987124463
wdocd,"Walden, and On the Duty of Civil Disobedience",G2,Q04,2,D1,B,True,166,0,0,0,0,0,0.0,0.0,0.0,0.0,0.0,187,1,1,5.347593582887701,5.347593582887701
wdocd,"Walden, and On the Duty of Civil Disobedience",G2,Q05,2,D1,A1,False,563,0,2,0,0,2,0.0,3.552397868561279,0.0,0.0,3.552397868561279,563,0,2,0.0,3.552397868561279
wdocd,"Walden, and On the Duty of Civil Disobedience",G2,Q05,2,D1,A2,False,296,0,1,0,1,2,0.0,3.3783783783783785,0.0,3.3783783783783785,6.756756756756757,296,1,2,3.3783783783783785,6.756756756756757
wdocd,"Walden, and On the Duty of Civil Disobedience",G2,Q05,2,D1,B,True,170,0,0,0,0,0,0.0,0.0,0.0,0.0,0.0,196,1,1,5.1020408163265305,5.1020408163265305
wdocd,"Walden, and On the Duty of Civil Disobedience",G2,Q06,3,D2,A1,False,807,1,3,1,0,5,1.2391573729863692,3.717472118959108,1.2391573729863692,0.0,6.195786864931847,807,0,5,0.0,6.195786864931847
wdocd,"Walden, and On the Duty of Civil Disobedience",G2,Q06,3,D2,A2,False,382,0,2,0,0,2,0.0,5.235602094240838,0.0,0.0,5.235602094240838,382,0,2,0.0,5.235602094240838
wdocd,"Walden, and On the Duty of Civil Disobedience",G2,Q06,3,D2,B,True,185,0,1,0,1,2,0.0,5.405405405405405,0.0,5.405405405405405,10.81081081081081,210,2,3,9.523809523809526,14.285714285714285
wdocd,"Walden, and On the Duty of Civil Disobedience",G2,Q07,3,D2,A1,False,641,0,0,0,0,0,0.0,0.0,0.0,0.0,0.0,641,0,0,0.0,0.0
wdocd,"Walden, and On the Duty of Civil Disobedience",G2,Q07,3,D2,A2,False,400,0,3,0,2,5,0.0,7.5,0.0,5.0,12.5,400,2,5,5.0,12.5
wdocd,"Walden, and On the Duty of Civil Disobedience",G2,Q07,3,D2,B,True,204,0,0,0,0,0,0.0,0.0,0.0,0.0,0.0,226,1,1,4.424778761061947,4.424778761061947
wdocd,"Walden, and On the Duty of Civil Disobedience",G2,Q08,3,D2,A1,False,579,0,1,0,0,1,0.0,1.7271157167530224,0.0,0.0,1.7271157167530224,579,0,1,0.0,1.7271157167530224
wdocd,"Walden, and On the Duty of Civil Disobedience",G2,Q08,3,D2,A2,False,470,0,2,0,0,2,0.0,4.25531914893617,0.0,0.0,4.25531914893617,470,0,2,0.0,4.25531914893617
wdocd,"Walden, and On the Duty of Civil Disobedience",G2,Q08,3,D2,B,True,180,0,2,0,0,2,0.0,11.11111111111111,0.0,0.0,11.11111111111111,200,1,3,5.0,15.0
wdocd,"Walden, and On the Duty of Civil Disobedience",G2,Q09,4,D3,A1,False,623,0,0,1,0,1,0.0,0.0,1.6051364365971108,0.0,1.6051364365971108,623,0,1,0.0,1.6051364365971108
wdocd,"Walden, and On the Duty of Civil Disobedience",G2,Q09,4,D3,A2,False,428,0,1,0,0,1,0.0,2.336448598130841,0.0,0.0,2.336448598130841,428,0,1,0.0,2.336448598130841
wdocd,"Walden, and On the Duty of Civil Disobedience",G2,Q09,4,D3,B,True,190,0,0,0,0,0,0.0,0.0,0.0,0.0,0.0,212,1,1,4.716981132075471,4.716981132075471
wdocd,"Walden, and On the Duty of Civil Disobedience",G2,Q10,4,D3,A1,False,567,0,0,1,0,1,0.0,0.0,1.763668430335097,0.0,1.763668430335097,567,0,1,0.0,1.763668430335097
wdocd,"Walden, and On the Duty of Civil Disobedience",G2,Q10,4,D3,A2,False,487,0,1,1,0,2,0.0,2.053388090349076,2.053388090349076,0.0,4.106776180698152,487,0,2,0.0,4.106776180698152
wdocd,"Walden, and On the Duty of Civil Disobedience",G2,Q10,4,D3,B,True,241,0,1,0,0,1,0.0,4.149377593360996,0.0,0.0,4.149377593360996,263,1,2,3.802281368821293,7.604562737642586
wdocd,"Walden, and On the Duty of Civil Disobedience",G2,Q11,5,D1,A1,False,860,0,4,0,0,4,0.0,4.651162790697675,0.0,0.0,4.651162790697675,860,0,4,0.0,4.651162790697675
wdocd,"Walden, and On the Duty of Civil Disobedience",G2,Q11,5,D1,A2,False,562,0,0,2,1,3,0.0,0.0,3.558718861209964,1.779359430604982,5.338078291814947,562,1,3,1.779359430604982,5.338078291814947
wdocd,"Walden, and On the Duty of Civil Disobedience",G2,Q11,5,D1,B,True,201,0,0,0,0,0,0.0,0.0,0.0,0.0,0.0,220,1,1,4.545454545454545,4.545454545454545
wdocd,"Walden, and On the Duty of Civil Disobedience",G2,Q12,5,D4,A1,False,388,0,1,1,0,2,0.0,2.577319587628866,2.577319587628866,0.0,5.154639175257732,388,0,2,0.0,5.154639175257732
wdocd,"Walden, and On the Duty of Civil Disobedience",G2,Q12,5,D4,A2,False,455,0,0,1,1,2,0.0,0.0,2.197802197802198,2.197802197802198,4.395604395604396,455,1,2,2.197802197802198,4.395604395604396
wdocd,"Walden, and On the Duty of Civil Disobedience",G2,Q12,5,D4,B,True,159,0,0,0,0,0,0.0,0.0,0.0,0.0,0.0,180,1,1,5.555555555555555,5.555555555555555
wdocd,"Walden, and On the Duty of Civil Disobedience",G2,Q13,5,D4,A1,False,455,0,2,1,0,3,0.0,4.395604395604396,2.197802197802198,0.0,6.593406593406593,455,0,3,0.0,6.593406593406593
wdocd,"Walden, and On the Duty of Civil Disobedience",G2,Q13,5,D4,A2,False,442,0,3,2,1,6,0.0,6.787330316742081,4.524886877828055,2.2624434389140275,13.574660633484163,442,1,6,2.2624434389140275,13.574660633484163
wdocd,"Walden, and On the Duty of Civil Disobedience",G2,Q13,5,D4,B,True,160,0,1,0,0,1,0.0,6.25,0.0,0.0,6.25,179,1,2,5.58659217877095,11.1731843575419
wdocd,"Walden, and On the Duty of Civil Disobedience",G2,Q14,5,D3,A1,False,477,0,0,0,0,0,0.0,0.0,0.0,0.0,0.0,477,0,0,0.0,0.0
wdocd,"Walden, and On the Duty of Civil Disobedience",G2,Q14,5,D3,A2,False,486,0,0,0,0,0,0.0,0.0,0.0,0.0,0.0,486,0,0,0.0,0.0
wdocd,"Walden, and On the Duty of Civil Disobedience",G2,Q14,5,D3,B,True,175,0,0,0,0,0,0.0,0.0,0.0,0.0,0.0,196,1,1,5.1020408163265305,5.1020408163265305
wdocd,"Walden, and On the Duty of Civil Disobedience",G2,Q15,5,D3,A1,False,561,0,1,2,0,3,0.0,1.7825311942959001,3.5650623885918002,0.0,5.347593582887701,561,0,3,0.0,5.347593582887701
wdocd,"Walden, and On the Duty of Civil Disobedience",G2,Q15,5,D3,A2,False,474,0,2,2,3,7,0.0,4.219409282700422,4.219409282700422,6.329113924050633,14.767932489451477,474,3,7,6.329113924050633,14.767932489451477
wdocd,"Walden, and On the Duty of Civil Disobedience",G2,Q15,5,D3,B,True,175,0,0,0,0,0,0.0,0.0,0.0,0.0,0.0,196,1,1,5.1020408163265305,5.1020408163265305
