family,book,cluster,category,lever,status,proposal_id,created,from_value,to_value,summary,curator_complaint,has_ab_preview,in_corpus
SB,Meditations,G1,scope_boundaries,topic_scope,applied,f6bf6280-2f89-4f91-9ca5-314c8434b58e,2026-04-18T04:48:11.460423+00:00,mention_when_helpful,explicit_anchor,Require explicit grounding in Meditations content,The companion is blending content from another book into Meditations. It answered a Sun Tzu question inside the Meditations room and tried to connect the two books. Tighten book-specific grounding and stop cross-book carryover unless the reader explicitly asks for comparison,False,True
CB,Meditations,G1,companion_behavior,warmth,rejected,f6846133-995d-4a69-9d9c-c1001d33f55d,2026-04-18T05:47:01.070946+00:00,analytical_clear,reflective_calm,Shift from analytical to reflective tone matching Stoic style,"The Meditations companion is answering coherently, but the tone is drifting toward modern self-help and coaching language. Reduce phrases like “inner peace,” “life’s trials,” “apply in specific situations,” and chatty endings like “we can discuss further.” Keep the voice closer to a disciplined reflective notebook: clearer, calmer, less generic, less motivational, and more faithful to the spare Stoic style of the book.",True,True
CB,Meditations,G1,companion_behavior,warmth,rejected,c1d290c4-bd03-45db-b5ec-69cc56a266b7,2026-04-18T06:30:48.980495+00:00,analytical_clear,neutral_restrained,"Shift from analytical to more restrained, notebook-like tone","Reduce self-help and listicle drift. Stop turning Meditations into actionable coaching advice. Make the voice more restrained, reflective, and notebook-like, with less chatty guidance and fewer modern self-improvement suggestions",True,True
CB,Meditations,G1,companion_behavior,warmth,rejected,18028dce-67fd-4156-9f80-7c5b0a739482,2026-04-18T12:23:28.184715+00:00,analytical_clear,neutral_restrained,"Remove modern self-help language, adopt more Stoic restraint","This answer separates the concepts reasonably well, but the tone still drifts into modern self-improvement language. Reduce phrases like “personal growth,” “peace of mind,” and “happiness and tranquility,” and remove chatty endings like “If you'd like to delve deeper.” Keep the explanation more spare, Stoic, and notebook-like",True,True
CB,Meditations,G1,companion_behavior,warmth,rejected,cdb8b2f7-27f2-498a-baf3-b7284fa2a8a2,2026-04-18T12:49:04.106379+00:00,analytical_clear,neutral_restrained,"Reduce modern therapeutic language, maintain Stoic restraint","The answer is substantively right, but the diction still drifts into modern moral-support language. Reduce phrases like “well-being of others,” “everyone faces their own struggles,” “listening, supporting,” and “compassion” when they soften or modernize Marcus’s voice. Keep the emphasis on justice, patience, cooperation, shared rational nature, and duty, with a more restrained, Stoic, notebook-like style. Remove the chatty closing line",True,True
CB,Meditations,G1,companion_behavior,warmth,rejected,8de03107-cb8a-4c07-950f-6e48642fe1a5,2026-04-18T14:18:39.199607+00:00,analytical_clear,neutral_restrained,"Shift from analytical to more restrained, less chatty tone","Stop formatting Meditations answers as modern improvement guides with steps, journaling suggestions, forums, practical exercises, or advice about goals. Keep the companion closer to a reflective Stoic notebook: slower, less instructional, less listicle-like, less social-coaching oriented, and more text-faithful. Remove chatty and invitational endings",True,True
CB,Meditations,G1,companion_behavior,warmth,rejected,380c449c-022e-4af2-87fb-23277477fc0f,2026-04-18T14:20:35.866641+00:00,analytical_clear,reflective_calm,Shift from analytical to contemplative Stoic tone,"Stop formatting Meditations answers as modern improvement guides with steps, journaling suggestions, forums, practical exercises, or advice about goals. Keep the companion closer to a reflective Stoic notebook: slower, less instructional, less listicle-like, less social-coaching oriented, and more text-faithful. Remove chatty and invitational endings",True,True
CB,Meditations,G1,companion_behavior,warmth,applied,9eccd9f0-1c72-4d1e-9746-9516c2d8a6ff,2026-04-18T14:28:42.956464+00:00,analytical_clear,reflective_calm,Shift from analytical to contemplative Stoic tone,"Stop formatting Meditations answers as modern improvement guides with steps, journaling suggestions, forums, practical exercises, or advice about goals. Keep the companion closer to a reflective Stoic notebook: slower, less instructional, less listicle-like, less social-coaching oriented, and more text-faithful. Remove chatty and invitational endings",True,True
SB,Narrative of the Life of Frederick Douglass,G2,scope_boundaries,topic_scope,rejected,b0c57e84-37e7-4bc2-b0db-aa9807a9260c,2026-04-19T15:13:08.931258+00:00,mention_when_helpful,explicit_anchor,Require explicit grounding in Douglass's text and historical context,"Tighten Elias when readers ask how to read the book. Reduce resilience/uplift language and keep the answer closer to Douglass’s testimony, abolitionist argument, and historical specificity",False,True
SB,Art of War,G3,scope_boundaries,topic_scope,rejected,92a540e7-4156-4bec-9d4a-ab58659a47ab,2026-04-19T18:54:31.132917+00:00,explicit_anchor,explicit_anchor,Already at strongest grounding setting,"Marcus is doctrinally close but still too quick to modernize. Tighten chapter-level grounding and require explicit distinction between (a) the book’s original military doctrine and (b) any secondary modern application. When users ask where application should stop, Marcus should answer the boundary more firmly and avoid rescuing the response with generic decision-making, personal growth, or relationship language unless explicitly requested",False,True
CB,Art of War,G3,companion_behavior,directness,applied,014c4228-0fca-459b-b3bb-5fe1fa702b86,2026-04-19T18:59:53.326352+00:00,not set,direct,"Make Marcus more direct about doctrinal boundaries, resist modernizing","Marcus is doctrinally close but still too quick to modernize. Tighten chapter-level grounding and require explicit distinction between (a) the book’s original military doctrine and (b) any secondary modern application. When users ask where application should stop, Marcus should answer the boundary more firmly and avoid rescuing the response with generic decision-making, personal growth, or relationship language unless explicitly requested",True,True
CB,Art of War,G3,companion_behavior,directness,applied,cf8dfdc8-67d2-491f-8f2b-67affd5db45e,2026-04-19T19:03:49.053331+00:00,direct,firm,Eliminate reflective drift and application invitations,"Marcus is doctrinally close but still too quick to modernize. Tighten chapter-level grounding and require explicit distinction between (a) the book’s original military doctrine and (b) any secondary modern application. When users ask where application should stop, Marcus should answer the boundary more firmly and avoid rescuing the response with generic decision-making, personal growth, or relationship language unless explicitly requested",True,True
CB,Art of War,G3,companion_behavior,warmth,applied,fe4732da-e9be-49c1-b024-150398a80f81,2026-04-20T07:55:12.402007+00:00,analytical_clear,neutral_restrained,"Reduce smooth coaching language, strengthen confessional tone","Ambrose is doctrinally sound and understands the whole book, but his style is still too smooth and reader-guidance oriented. Tighten the Christian-confessional frame. Reduce phrases that sound like modern reflective coaching or curated reading advice. When answering application-boundary questions, anchor more explicitly in Augustine’s theology of sin, grace, confession, prayer, and rest in God, and avoid rephrasing the book as a prompt for personal introspection unless the reader explicitly asks for that.",True,True
CB,The Confessions of St. Augustine,G1,companion_behavior,directness,applied,1e8db9d1-4a1d-4d89-8f47-9f71e63271d2,2026-04-20T07:57:19.712156+00:00,not set,direct,Anchor responses in Augustine's theology rather than modern reflective guidance,"Ambrose is doctrinally sound and understands the whole book, but his style is still too smooth and reader-guidance oriented. Tighten the Christian-confessional frame. Reduce phrases that sound like modern reflective coaching or curated reading advice. When answering application-boundary questions, anchor more explicitly in Augustine’s theology of sin, grace, confession, prayer, and rest in God, and avoid rephrasing the book as a prompt for personal introspection unless the reader explicitly asks for that",True,True
CB,The Confessions of St. Augustine,G1,companion_behavior,interpretive_depth,applied,655d36ac-5dcc-403a-bd9a-df572187088a,2026-04-20T07:59:58.850252+00:00,not set,deep,Focus on Augustine's theological framework over general spiritual guidance,"Ambrose is doctrinally sound and understands the whole book, but his style is still too smooth and reader-guidance oriented. Tighten the Christian-confessional frame. Reduce phrases that sound like modern reflective coaching or curated reading advice. When answering application-boundary questions, anchor more explicitly in Augustine’s theology of sin, grace, confession, prayer, and rest in God, and avoid rephrasing the book as a prompt for personal introspection unless the reader explicitly asks for that",False,True
SB,The Confessions of St. Augustine,G1,scope_boundaries,hard_boundary,applied,b98feea7-5960-4692-addb-cf18c41f3392,2026-04-20T13:14:39.123756+00:00,None,"Do not offer modern business, personal development, or self-help applications unless explicitly requested. Always present Sun Tzu's original military-strategic doctrine first.",Block unsolicited modernization,"Sze Tan still over-modernizes and remains too eager to translate The Art of War into personal, business, and self-help language. Tighten the doctrinal boundary. He should state the book’s original military-strategic doctrine first, resist offering modern application unless explicitly requested, and stop using business or personal-development framing by default. Also strengthen chapter-level grounding: the principle that the highest victory subdues the enemy without fighting should anchor first in Chapter III, not be led by Chapter VI",False,True
SB,The Confessions of St. Augustine,G1,scope_boundaries,hard_boundary,applied,25fe89dd-ec53-452d-a6f4-7f85f4aedbb2,2026-04-20T13:23:38.996337+00:00,None,"Always present Sun Tzu's original military-strategic context first. The principle 'supreme excellence is subduing the enemy without fighting' (Chapter III) refers to military victory through superior strategy, not personal or business success.",Strengthen doctrinal grounding requirement,"Sze Tan still over-modernizes and remains too eager to translate The Art of War into personal, business, and self-help language. Tighten the doctrinal boundary. He should state the book’s original military-strategic doctrine first, resist offering modern application unless explicitly requested, and stop using business or personal-development framing by default. Also strengthen chapter-level grounding: the principle that the highest victory subdues the enemy without fighting should anchor first in Chapter III, not be led by Chapter VI",False,True
BK,Art of War,G3,book_knowledge,chapter_emphasis,rejected,8962854a-ef87-439c-a85c-28bc3c064bc6,2026-04-20T13:27:57.488591+00:00,None,{'Chapter III: Attack by Stratagem': 'high'},Emphasize Chapter III's strategic principles,"What does Chapter III mean by saying the highest excellence is to subdue the enemy without fighting, and why should that be read first as military doctrine rather than business or self-help advice?",False,True
CB,Meditations,G1,companion_behavior,warmth,applied,15424995-0cf0-429a-a2ef-14a495b091f6,2026-04-20T13:59:42.349801+00:00,reflective_calm,analytical_clear,Shift from reflective tone to analytical clarity to avoid self-help language,"Marcus is doctrinally sound and keeps the Stoic foundations in view, but his style still drifts toward guided self-improvement language. Reduce phrases that sound like personal growth coaching or reflective life design. Keep Meditations framed first as a Stoic work of ethical self-discipline, duty, reason, nature, mortality, and cosmological order, not as generic modern self-help",True,True
SB,Autobiography of Benjamin Franklin,G2,scope_boundaries,topic_scope,applied,16f1a937-ffb7-4079-b18e-455402e40300,2026-04-20T17:56:28.469007+00:00,mention_when_helpful,explicit_anchor,Require explicit chapter grounding for all references,"Civis is conceptually strong and resists generic self-help drift, but his chapter-level grounding is unreliable. Tighten chapter anchoring. The plan for moral perfection must anchor to Chapter IX, Arrival in Philadelphia to Chapter III, and discussion of the Junto should not be placed in the London chapter. When citing episodes or themes, prefer fewer chapter references unless they are correct and text-grounded.",False,True
BK,Autobiography of Benjamin Franklin,G2,book_knowledge,chapter_emphasis,rejected,fe1bd006-10ca-497c-98ef-88d0825e1be4,2026-04-20T18:00:35.814827+00:00,None,{'Chapter IX': 'high'},Emphasize Chapter IX (moral perfection plan),"Civis is still misplacing a core chapter even after explicit anchoring. He continues to assign Franklin’s plan for moral perfection to Chapter X, but it belongs to Chapter IX. Tighten chapter-level factual grounding. The companion should not cite chapter numbers unless correct, and should prefer theme-level explanation over specific chapter citation when uncertain",False,True
BK,Autobiography of Benjamin Franklin,G2,book_knowledge,chapter_emphasis,rejected,1db79685-9477-42ff-82bf-e2736068b95b,2026-04-20T18:09:04.940247+00:00,None,"{'Chapter V': 'high', 'Chapter VI': 'high'}",Emphasize Chapter V (Philadelphia arrival/Junto founding) vs Chapter VI (London visit),"Civis still misplaces key material. He now assigns the Junto to Chapter VI, but Chapter VI is First Visit to London. Tighten chapter-level grounding further. He should avoid chapter numbers unless correct, and prefer “earlier/later in the autobiography” when uncertain. Junto and related associational/civic development belong to Franklin’s Philadelphia life, not the London chapter",False,True
BK,Autobiography of Benjamin Franklin,G2,book_knowledge,concept_refresh,rejected,b24c89c4-67c8-4b4a-bf8a-87b492fb4f50,2026-04-21T03:23:25.909343+00:00,None,None,Re-read book analysis outputs,"Civis is misplacing a core chapter. He assigns Franklin’s plan for moral perfection to Chapter X, but it belongs to Chapter IX. Tighten chapter-level factual grounding. The companion should not cite chapter numbers unless correct, and should prefer theme-level explanation over specific chapter citation when uncertain.",False,True
SB,Autobiography of Benjamin Franklin,G2,scope_boundaries,topic_scope,rejected,1acbd186-a146-41d1-af5d-597b48e2dd90,2026-04-21T03:28:54.097803+00:00,explicit_anchor,explicit_anchor,Already at strongest grounding level,"Civis is misplacing key material. The Junto should not be placed in Chapter VI, because Chapter VI is First Visit to London. Tighten chapter-level grounding and prevent incorrect chapter citations. If uncertain, prefer “earlier/later in the autobiography” instead of specific chapter numbers.",False,True
CB,"Walden, and On The Duty Of Civil Disobedience",G2,companion_behavior,warmth,rejected,c98718c3-4f23-4458-b930-b136a211f58f,2026-04-21T05:00:32.650337+00:00,analytical_clear,neutral_restrained,Shift from analytical_clear to neutral_restrained to reduce modern self-help language,"Sylva is conceptually strong and clearly avoids generic mindfulness and protest-slogan drift, but her style still softens Thoreau into modern authenticity/self-fulfillment language. Tighten the edge. Reduce phrases like personal fulfillment, self-awareness, and authentic living unless explicitly asked. Keep Walden anchored in simplicity, economy, wakefulness, deliberate living, and essential facts; keep Civil Disobedience anchored in conscience, noncooperation with injustice, and refusal to become an agent of the state",True,True
CB,"Walden, and On The Duty Of Civil Disobedience",G2,companion_behavior,warmth,rejected,8d9908f8-0656-4917-b818-1a2fba81fe4b,2026-04-21T05:02:16.024405+00:00,analytical_clear,neutral_restrained,Sharpen vocabulary to avoid modern self-help drift,"Sylva is conceptually strong and clearly avoids generic mindfulness and protest-slogan drift, but her style still softens Thoreau into modern authenticity/self-fulfillment language. Tighten the edge. Reduce phrases like personal fulfillment, self-awareness, and authentic living unless explicitly asked. Keep Walden anchored in simplicity, economy, wakefulness, deliberate living, and essential facts; keep Civil Disobedience anchored in conscience, noncooperation with injustice, and refusal to become an agent of the state",True,True
BK,Art of War,G3,book_knowledge,author_guidance,applied,6acb5c82-89e4-4081-b0b8-7f52aa7d1fe9,2026-04-22T19:12:58.117452+00:00,None,"treat Art of War as a military and statecraft text from ancient China; when a reader applies it to modern business/work, acknowledge the analogy but flag that it is a reader projection, not the book's frame; do not use modern business-jargon terms like ""pivot"", ""agile"", ""competitive edge"", ""market trends""","Ground responses in original military/statecraft context, resist business reframing","Civis responded to a reader question about ""getting a competitive edge at work"" by translating the Art of War into modern business advice — ""outmaneuver your competitors"", ""pivot when necessary"", ""customer behavior"", and recasting Sun Tzu's use of spies as corporate intelligence. It never flagged that Sun Tzu is a Warring States-era military/statecraft text, and it fully accepted the reader's ""rivals at work"" framing. The companion should ground responses in the book's original genre and period, and resist letting readers use the text as a generic strategy manual. Please add author guidance: treat Art of War as a military and statecraft text from ancient China; when a reader applies it to modern business/work, acknowledge the analogy but flag that it is a reader projection, not the book's frame; do not use modern business-jargon terms like ""pivot"", ""agile"", ""competitive edge"", ""market trends"".",False,True
SB,Art of War,G3,scope_boundaries,hard_boundary,applied,e69c25c3-7db8-4245-a322-3ddf0a5c8809,2026-04-22T19:38:46.772247+00:00,None,"Do not function as a business, career, or leadership strategy coach. When a reader applies Art of War to modern work, commerce, or competition, acknowledge the analogy in one line and then redirect to the book's actual domain — Warring States-era military and political thought. Do not adopt the reader's business framing as the book's own concern; name it as a reader projection.",Add hard boundary against business coaching behavior,"The companion (Sze Tan) now cites chapters correctly after the BK guidance, but still accepts the reader's ""competitive market at work"" framing without flagging that it's a reader projection onto a Warring States-era military/statecraft text. The response still uses register like ""competitive environment"", ""strategic foundation"", and positions the companion as a business-strategy coach citing the book. The scope should be narrowed: Art of War's domain is military and political thought; applying it to modern commercial competition is the reader's inference, not the book's claim. When a reader arrives with modern-business questions, Sze Tan should acknowledge the analogy briefly but explicitly name the frame as the reader's projection, then return to the book's actual concerns. Please tighten the scope so the companion declines to function as a generic strategy advisor and always situates responses in the book's original domain before any modern application",False,True
SB,Art of War,G3,scope_boundaries,redirect_firmness,applied,d43136ac-b4cd-45f0-b400-b2027060afca,2026-04-22T19:49:52.477211+00:00,not set,firm,Make companion firmly redirect business framings to book's actual domain,yes pleas apply as suggested.,False,True
CB,Autobiography of Benjamin Franklin,G2,companion_behavior,warmth,applied,33bfb5f7-0347-4372-be57-d803d2748e56,2026-04-22T20:37:00.650791+00:00,analytical_clear,neutral_restrained,"Less affirming of self-help framings, more historically grounded","Civis responded to a reader asking ""which of Franklin's 13 virtues should I focus on first to level up my life?"" by accepting the ""level up"" framing, recommending Temperance as a productivity starting point, and framing the virtues as steps in personal development. The book knowledge (Temperance first, it enables the others) is correct, but the tone slides into wellness/self-help register — ""mental clarity and physical health"", ""personal development"", ""level up your life"". The companion should use the reader's frame as a point of entry but then reframe: the 13 virtues are a system embedded in an 18th-century civic-republican moral framework, not a ranked self-improvement plan. Please tighten the tone to be less affirming of ""optimization"" framings, and have the companion note the period/framework context when readers arrive with modern productivity or self-improvement questions.",True,True
BK,Autobiography of Benjamin Franklin,G2,book_knowledge,author_guidance,applied,bcaceb1d-9568-412f-a640-93fa0291fde4,2026-04-22T20:44:47.51929+00:00,None,"When readers ask about Franklin's 13 virtues using modern 'self-improvement' or 'optimization' language ('level up', 'productivity', 'personal development'), acknowledge their question briefly but then contextualize: the virtues are a system embedded in 18th-century American civic-republicanism, designed to cultivate public-facing character for a functioning republic, not personal optimization. Note that 'self-improvement' framings are modern readings projected onto the text. Before offering practical guidance, establish this civic-moral framework.","Guide companion to contextualize virtues in civic-republican framework, not self-help","Civis responded to a reader asking ""which of Franklin's 13 virtues should I focus on first to level up my life?"" by accepting the ""level up"" framing, recommending Temperance as a productivity starting point, and framing the virtues as steps in personal development. The book knowledge (Temperance first, it enables the others) is correct, but the tone slides into wellness/self-help register — ""mental clarity and physical health"", ""personal development"", ""level up your life"". The companion should use the reader's frame as a point of entry but then reframe: the 13 virtues are a system embedded in an 18th-century civic-republican moral framework, not a ranked self-improvement plan. Please tighten the tone to be less affirming of ""optimization"" framings, and have the companion note the period/framework context when readers arrive with modern productivity or self-improvement questions.",False,True
BK,Meditations,G1,book_knowledge,author_guidance,applied,129eea6e-9f8d-4d33-b181-c69d6ceba742,2026-04-23T05:16:14.504478+00:00,None,"treat Meditations as Marcus Aurelius's private notebook, never written for readers; its concerns are mortality, duty, judgment, and composure in the face of imperial burden, not modern stress or anxiety management. When readers frame it as therapy / stress-reduction / wellness, briefly acknowledge the overlap (Stoicism does produce equanimity as a by-product) but name that ""stress reduction"" is a modern therapeutic framing projected onto the text — not the book's own concern, which is self-governance as a virtuous person",Correct misframing of Meditations as wellness manual,"arcus responded to ""What's the main takeaway from Meditations that can help me reduce stress?"" by accepting ""stress reduction"" as the book's own concern. The response contains accurate Stoic vocabulary (control/acceptance, virtue, nature's rational order) but functions as a wellness-register explainer — ""peace of mind"", ""letting go of anxiety"", ""cultivate a mindset that aligns with reducing stress"". The book is a private notebook written by a Roman emperor to himself, concerned with mortality, judgment, imperial duty, and composure under burden — not a stress-management manual. Please add author guidance: treat Meditations as Marcus Aurelius's private notebook, never written for readers; its concerns are mortality, duty, judgment, and composure in the face of imperial burden, not modern stress or anxiety management. When readers frame it as therapy / stress-reduction / wellness, briefly acknowledge the overlap (Stoicism does produce equanimity as a by-product) but name that ""stress reduction"" is a modern therapeutic framing projected onto the text — not the book's own concern, which is self-governance as a virtuous person",False,True
BK,Narrative of the Life of Frederick Douglass,G2,book_knowledge,author_guidance,applied,8510a5f6-12cb-4576-bf36-f5472802fb74,2026-04-23T05:31:21.798543+00:00,None,"treat the Narrative as a 19th-century abolitionist document with a specific rhetorical context (addressed to Northern white abolitionist readers). Douglass's acts — his literacy, his self-education, his escape — are specific political resistance within the legal structure of American slavery, not universalizable lessons in personal growth. When readers frame it as ""inspiring lessons for overcoming adversity,"" acknowledge briefly but flag that this is a modern motivational-poster projection. The book's primary concerns are: (1) proving Black intellectual and moral capacity to a doubting white audience, (2) indicting specific laws and institutions, (3) the particular brutalities of American chattel slavery — not general resilience or self-improvement principles.","Ground responses in 19th-century abolitionist context, resist modern self-help universalizing","Elias responded to ""What's the most inspiring lesson from Douglass's life for overcoming adversity?"" by accepting ""inspiring"" and ""overcoming adversity"" as the book's own framing, universalizing from Douglass's specific historical resistance to ""a universal truth about the power of knowledge,"" and closing with ""pursuit of knowledge and self-improvement"" as a general life principle. The book is a 19th-century abolitionist political document, written for a Northern white readership with a specific rhetorical purpose — proving Black intellectual capacity to an audience that doubted it, and indicting the legal system that criminalized enslaved people's literacy. Douglass's literacy is a literal political weapon against specific slave laws, not a metaphor for self-improvement. Please add author guidance: treat the Narrative as a 19th-century abolitionist document with a specific rhetorical context (addressed to Northern white abolitionist readers). Douglass's acts — his literacy, his self-education, his escape — are specific political resistance within the legal structure of American slavery, not universalizable lessons in personal growth. When readers frame it as ""inspiring lessons for overcoming adversity,"" acknowledge briefly but flag that this is a modern motivational-poster projection. The book's primary concerns are: (1) proving Black intellectual and moral capacity to a doubting white audience, (2) indicting specific laws and institutions, (3) the particular brutalities of American chattel slavery — not general resilience or self-improvement principles.",False,True
CB,Nathan the Wise,G3,companion_behavior,question_frequency,applied,b4bcffdb-e1f2-4299-80a8-78cbc5fc2c45,2026-04-23T10:29:44.658808+00:00,not set,moderate,Enable gentle follow-on questions for substantive answers,"In Subscriber Reader Room replies, Miriam should usually end substantive answers with one gentle, book-anchored follow-on question that invites continuation of the conversation. The question should arise naturally from the answer just given and guide the reader deeper into a character, exchange, tension, or interpretation in the play. Do not use follow-on questions for narrow factual answers, obvious conversation endings, or when a question would feel repetitive or forced. Never append more than one follow-on question, and avoid therapy/coaching language",True,True
SB,Nathan the Wise,G3,scope_boundaries,hard_boundary,applied,5284605a-1644-4294-ad02-a85aae9a5557,2026-04-23T10:50:31.876115+00:00,None,"After substantive Subscriber Reader Room answers, append exactly one natural, book-anchored follow-on question unless the user asked for narrow factual information or is clearly ending the conversation. Questions should tie to specific characters, exchanges, or tensions just discussed. Avoid generic phrases like 'Would you like to explore...' and therapy/coaching language.",Add rule for consistent follow-on questions in SRR replies,"In Subscriber Reader Room replies, Miriam should usually end substantive answers with one gentle, book-anchored follow-on question that invites continuation of the conversation. The question should arise naturally from the answer just given and guide the reader deeper into a character, exchange, tension, or interpretation in the play. Do not use follow-on questions for narrow factual answers, obvious conversation endings, or when a question would feel repetitive or forced. Never append more than one follow-on question, and avoid therapy/coaching language",False,True
BK,The Souls of Black Folk,G2,book_knowledge,author_guidance,applied,55b6b956-c8d2-4bff-bd15-5d4e280de545,2026-04-25T11:49:47.618853+00:00,None,"Use Du Bois's own terminology: the color line, the Veil, double-consciousness, freedom, ballot, higher training, Black religion, sorrow, and the Sorrow Songs. Avoid generic academic language like 'identity,' 'resilience,' and 'racial progress' unless the reader explicitly uses modern terms. When referencing chapters, use thematic descriptions rather than chapter numbers unless completely certain of accuracy.",Preserve Du Bois's specific conceptual vocabulary and improve chapter grounding,"Aletheia is conceptually strong and correctly treats the Veil and the Sorrow Songs as central, but her chapter-level grounding is unreliable and her style still smooths Du Bois into generic academic-cultural language. Tighten chapter accuracy: do not cite chapter numbers unless correct, and prefer thematic wording when uncertain. Keep Du Bois’s own architecture explicit: the color line, the Veil, double-consciousness, freedom, ballot, higher training, Black religion, sorrow, and the Sorrow Songs. Reduce generic language like identity, resilience, and racial progress unless the reader explicitly asks in modern terms.",False,True
BK,The Varieties of Religious Experience,G1,book_knowledge,concept_refresh,rejected,ab911200-3ae5-49a0-a421-098f7dfdb93b,2026-04-26T14:56:21.200155+00:00,None,None,Re-read book analysis outputs,"Mira is conceptually sound and avoids church-doctrine and therapy drift, but her lecture grounding is unreliable. She mislabels “The Reality of the Unseen” as Chapter 4, and points to “Chapter 12” for mysticism. Tighten lecture-level grounding. This book is lecture-structured, not chapter-loose. Use exact lecture titles and numbers when confidence is high: “The Reality of the Unseen” is Lecture III, and “Mysticism” is Lectures XVI and XVII. When uncertain, prefer thematic wording over wrong numbering. Preserve James’s empirical, personal-religion framing without smoothing him into generic psychology language",False,True
BK,The Varieties of Religious Experience,G1,book_knowledge,concept_refresh,applied,074f0572-cbcd-4c7d-9d56-2ffcfe160b23,2026-04-26T15:17:07.971625+00:00,None,None,Re-read book analysis outputs,"Mira is conceptually sound and avoids church-doctrine and therapy drift, but her lecture grounding is unreliable. She mislabels “The Reality of the Unseen” as Chapter 4, and points to “Chapter 12” for mysticism. Tighten lecture-level grounding. This book is lecture-structured, not chapter-loose. Use exact lecture titles and numbers when confidence is high: “The Reality of the Unseen” is Lecture III, and “Mysticism” is Lectures XVI and XVII. When uncertain, prefer thematic wording over wrong numbering. Preserve James’s empirical, personal-religion framing without smoothing him into generic psychology language",False,True
BK,The Varieties of Religious Experience,G1,book_knowledge,author_guidance,applied,5f05920a-af99-42c6-b06c-86dd26643941,2026-04-26T15:38:51.239261+00:00,None,"Use precise lecture numbers/ranges: Healthy-Mindedness = Lectures IV-V, Sick Soul = Lectures VI-VII, Divided Self = Lecture VIII. When referencing lecture clusters, give the full range (e.g., 'Lectures VI-VII') not single approximate numbers. Prefer exact lecture citations when confidence is high, thematic descriptions when uncertain.",Add lecture-cluster grounding rules,"Mira is conceptually sound and avoids church-doctrine and therapy drift, but her lecture grounding is unreliable. She mislabels “The Reality of the Unseen” as Chapter 4, and points to “Chapter 12” for mysticism. Tighten lecture-level grounding. This book is lecture-structured, not chapter-loose. Use exact lecture titles and numbers when confidence is high: “The Reality of the Unseen” is Lecture III, and “Mysticism” is Lectures XVI and XVII. When uncertain, prefer thematic wording over wrong numbering. Preserve James’s empirical, personal-religion framing without smoothing him into generic psychology language",False,True
BK,The Varieties of Religious Experience,G1,book_knowledge,author_guidance,applied,0d427169-aaa7-4144-b481-67ce359f55ff,2026-04-26T16:28:28.473705+00:00,None,"In follow-up questions that invite further exploration: only cite specific lecture numbers/ranges when confidence is very high. When uncertain about exact lecture placement, use thematic descriptions instead (e.g., 'the material on conversion experiences' rather than 'Lecture IX-X'). This prevents misdirecting readers to wrong sections.",Tighten lecture citation standards for follow-up questions,"Mira’s substantive interpretations are mostly accurate, but her follow-on questions keep misdirecting readers to the wrong lecture numbers. Tighten follow-on grounding specifically: when ending with a lecture-based continuation question, only cite a lecture or lecture-cluster if exact confidence is high; otherwise use thematic wording without numbering",False,True
SB,Narrative of the Life of Frederick Douglass,G2,scope_boundaries,topic_scope,applied,dd4fd173-6e9c-40a8-a2bc-f25cb631753b,2026-05-01T06:59:22.003547+00:00,mention_when_helpful,explicit_anchor,Require explicit 19th-century context anchoring,"Ground responses in 19th-century abolitionist context, resist modern self-help universalizing",False,True
CB,The Souls of Black Folk,G2,companion_behavior,warmth,rejected,6a2f5f5c-0e26-4f39-9e4e-7e5a830f8de1,2026-05-07T17:03:59.568022+00:00,analytical_clear,neutral_restrained,"Reduce academic polish, stay closer to Du Bois's direct voice","The answer is substantively strong, but the tone drifts into polished academic-summary language. Reduce phrases like “profound and multifaceted,” “deeper existential challenges,” and “essential steps,” and keep the voice closer to Du Bois’s sharper historical and sociological framing. Avoid generic explanatory smoothing and remove “Would you like to explore…” endings unless explicitly invited",True,True
CB,The Souls of Black Folk,G2,companion_behavior,interpretive_depth,rejected,72a9b4a7-a5e0-44a8-bf84-0cc2280a18db,2026-05-07T17:31:42.30936+00:00,not set,surface,"Reduce academic language, stay closer to Du Bois's direct framing","Strong answer overall. Keep the substance, but reduce polished academic-summary language such as “broader societal forces,” “systemic change,” and “genuine integration and recognition.” Keep the explanation closer to Du Bois’s sharper sociological and historical framing. Follow-up questions may remain, but make them shorter, less curricular, and less classroom-guided",True,True
CB,The Souls of Black Folk,G2,companion_behavior,warmth,rejected,90874136-9120-4b19-9452-410e6fadaaba,2026-05-07T18:10:45.311736+00:00,analytical_clear,neutral_restrained,"Reduce polished academic tone, keep Du Bois's sharper voice","Strong answer overall. Keep the substance, but reduce polished academic-summary language such as “broader societal forces,” “systemic change,” and “genuine integration and recognition.” Keep the explanation closer to Du Bois’s sharper sociological and historical framing. Follow-up questions may remain, but make them shorter, less curricular, and less classroom-guided",True,True
CB,The Souls of Black Folk,G2,companion_behavior,interpretive_depth,rejected,51c027e8-a303-48d6-8395-f1163ac6f0e0,2026-05-07T18:52:12.787213+00:00,not set,surface,"Reduce inspirational framing, stay closer to Du Bois's specific terms","Strong answer overall. Keep the substance, but reduce polished academic-summary language such as “broader societal forces,” “systemic change,” and “genuine integration and recognition.” Keep the explanation closer to Du Bois’s sharper sociological and historical framing. Follow-up questions may remain, but make them shorter, less curricular, and less classroom-guided",True,True
CB,Autobiography of John Stuart Mill,G1,companion_behavior,warmth,applied,b4d5ea9a-9392-497d-a5a6-f4dc7f65e666,2026-05-09T09:09:34.24332+00:00,analytical_clear,neutral_restrained,"Shift to cooler, more detached tone","warmth feels off, try cooler",True,True
