cond,ab,qid,stripped,tokens,tokens_raw,d1,d2,d3,d4,d1_raw,d2_raw,d3_raw,d4_raw
A1,aobf,Q01,False,275,275,0,0,0,0,0,0,0,0
A1,aobf,Q02,False,366,366,0,3,0,0,0,3,0,0
A1,aobf,Q03,False,302,302,0,1,0,0,0,1,0,0
A1,aobf,Q04,False,405,405,1,0,0,0,1,0,0,0
A1,aobf,Q05,False,456,456,1,2,1,0,1,2,1,0
A1,aobf,Q06,False,575,575,0,5,1,0,0,5,1,0
A1,aobf,Q07,False,484,484,0,1,0,1,0,1,0,1
A1,aobf,Q08,False,503,503,0,0,0,0,0,0,0,0
A1,aobf,Q09,False,583,583,0,0,0,0,0,0,0,0
A1,aobf,Q10,False,610,610,0,0,0,0,0,0,0,0
A1,aobf,Q11,False,671,671,0,2,0,0,0,2,0,0
A1,aobf,Q12,False,324,324,0,2,1,0,0,2,1,0
A1,aobf,Q13,False,384,384,0,2,2,0,0,2,2,0
A1,aobf,Q14,False,383,383,0,0,0,0,0,0,0,0
A1,aobf,Q15,False,470,470,0,3,3,0,0,3,3,0
A1,aow,Q01,False,399,399,0,0,0,0,0,0,0,0
A1,aow,Q02,False,368,368,0,0,0,0,0,0,0,0
A1,aow,Q03,False,307,307,0,1,0,0,0,1,0,0
A1,aow,Q04,False,548,548,1,1,3,0,1,1,3,0
A1,aow,Q05,False,469,469,0,0,1,0,0,0,1,0
A1,aow,Q06,False,527,527,0,1,2,0,0,1,2,0
A1,aow,Q07,False,532,532,0,1,0,0,0,1,0,0
A1,aow,Q08,False,541,541,0,3,0,0,0,3,0,0
A1,aow,Q09,False,564,564,0,0,0,0,0,0,0,0
A1,aow,Q10,False,549,549,0,2,0,0,0,2,0,0
A1,aow,Q11,False,774,774,0,4,0,0,0,4,0,0
A1,aow,Q12,False,373,373,0,1,0,0,0,1,0,0
A1,aow,Q13,False,426,426,0,2,2,0,0,2,2,0
A1,aow,Q14,False,367,367,0,2,0,0,0,2,0,0
A1,aow,Q15,False,472,472,0,1,3,0,0,1,3,0
A1,coa,Q01,False,420,420,0,0,2,0,0,0,2,0
A1,coa,Q02,False,364,364,0,0,1,0,0,0,1,0
A1,coa,Q03,False,432,432,0,1,2,0,0,1,2,0
A1,coa,Q04,False,476,476,0,1,2,0,0,1,2,0
A1,coa,Q05,False,569,569,0,1,1,1,0,1,1,1
A1,coa,Q06,False,681,681,0,0,4,1,0,0,4,1
A1,coa,Q07,False,631,631,0,0,2,1,0,0,2,1
A1,coa,Q08,False,567,567,0,0,5,0,0,0,5,0
A1,coa,Q09,False,688,688,0,0,1,0,0,0,1,0
A1,coa,Q10,False,548,548,1,2,2,1,1,2,2,1
A1,coa,Q11,False,733,733,0,0,0,2,0,0,0,2
A1,coa,Q12,False,490,490,0,0,0,0,0,0,0,0
A1,coa,Q13,False,454,454,0,0,2,0,0,0,2,0
A1,coa,Q14,False,488,488,0,1,0,0,0,1,0,0
A1,coa,Q15,False,556,556,0,1,3,0,0,1,3,0
A1,jsm,Q01,False,419,419,0,1,1,0,0,1,1,0
A1,jsm,Q02,False,438,438,0,1,1,0,0,1,1,0
A1,jsm,Q03,False,357,357,0,1,1,0,0,1,1,0
A1,jsm,Q04,False,475,475,0,3,2,0,0,3,2,0
A1,jsm,Q05,False,567,567,2,2,2,0,2,2,2,0
A1,jsm,Q06,False,684,684,4,2,2,0,4,2,2,0
A1,jsm,Q07,False,395,395,0,0,0,0,0,0,0,0
A1,jsm,Q08,False,624,624,0,1,2,0,0,1,2,0
A1,jsm,Q09,False,604,604,0,2,0,0,0,2,0,0
A1,jsm,Q10,False,546,546,0,1,4,0,0,1,4,0
A1,jsm,Q11,False,606,606,0,3,1,1,0,3,1,1
A1,jsm,Q12,False,435,435,1,2,2,0,1,2,2,0
A1,jsm,Q13,False,493,493,0,3,1,1,0,3,1,1
A1,jsm,Q14,False,385,385,0,0,0,0,0,0,0,0
A1,jsm,Q15,False,613,613,2,3,4,0,2,3,4,0
A1,lofd,Q01,False,351,351,0,0,1,0,0,0,1,0
A1,lofd,Q02,False,431,431,0,0,0,0,0,0,0,0
A1,lofd,Q03,False,331,331,0,0,0,0,0,0,0,0
A1,lofd,Q04,False,471,471,3,3,3,0,3,3,3,0
A1,lofd,Q05,False,542,542,1,3,1,0,1,3,1,0
A1,lofd,Q06,False,654,654,3,4,2,0,3,4,2,0
A1,lofd,Q07,False,445,445,1,0,0,0,1,0,0,0
A1,lofd,Q08,False,521,521,1,1,1,0,1,1,1,0
A1,lofd,Q09,False,574,574,0,1,1,0,0,1,1,0
A1,lofd,Q10,False,559,559,0,1,0,0,0,1,0,0
A1,lofd,Q11,False,607,607,1,1,1,2,1,1,1,2
A1,lofd,Q12,False,354,354,0,0,0,0,0,0,0,0
A1,lofd,Q13,False,473,473,3,0,0,0,3,0,0,0
A1,lofd,Q14,False,389,389,0,1,0,0,0,1,0,0
A1,lofd,Q15,False,525,525,2,2,3,0,2,2,3,0
A1,med,Q01,False,451,451,2,0,0,0,2,0,0,0
A1,med,Q02,False,340,340,2,0,0,0,2,0,0,0
A1,med,Q03,False,336,336,0,0,0,0,0,0,0,0
A1,med,Q04,False,372,372,2,1,1,0,2,1,1,0
A1,med,Q05,False,473,473,2,1,1,0,2,1,1,0
A1,med,Q06,False,676,676,2,2,0,0,2,2,0,0
A1,med,Q07,False,533,533,1,0,0,0,1,0,0,0
A1,med,Q08,False,733,733,6,0,0,0,6,0,0,0
A1,med,Q09,False,782,782,0,0,0,0,0,0,0,0
A1,med,Q10,False,608,608,0,0,1,0,0,0,1,0
A1,med,Q11,False,925,925,1,0,0,1,1,0,0,1
A1,med,Q12,False,442,442,0,0,0,0,0,0,0,0
A1,med,Q13,False,430,430,5,2,1,0,5,2,1,0
A1,med,Q14,False,471,471,0,0,0,0,0,0,0,0
A1,med,Q15,False,491,491,3,3,3,0,3,3,3,0
A1,nw,Q01,False,445,445,0,1,0,0,0,1,0,0
A1,nw,Q02,False,384,384,0,0,0,0,0,0,0,0
A1,nw,Q03,False,353,353,0,0,0,0,0,0,0,0
A1,nw,Q04,False,423,423,1,1,1,0,1,1,1,0
A1,nw,Q05,False,514,514,1,3,0,0,1,3,0,0
A1,nw,Q06,False,592,592,3,0,1,0,3,0,1,0
A1,nw,Q07,False,590,590,0,0,0,1,0,0,0,1
A1,nw,Q08,False,553,553,0,0,0,0,0,0,0,0
A1,nw,Q09,False,554,554,0,2,0,0,0,2,0,0
A1,nw,Q10,False,585,585,0,0,0,0,0,0,0,0
A1,nw,Q11,False,627,627,0,1,0,0,0,1,0,0
A1,nw,Q12,False,372,372,0,1,0,0,0,1,0,0
A1,nw,Q13,False,421,421,0,0,1,0,0,0,1,0
A1,nw,Q14,False,430,430,0,0,0,0,0,0,0,0
A1,nw,Q15,False,445,445,0,0,3,0,0,0,3,0
A1,sbf,Q01,False,496,496,1,0,0,0,1,0,0,0
A1,sbf,Q02,False,490,490,0,0,0,0,0,0,0,0
A1,sbf,Q03,False,516,516,1,0,0,0,1,0,0,0
A1,sbf,Q04,False,518,518,1,0,0,1,1,0,0,1
A1,sbf,Q05,False,612,612,1,0,0,0,1,0,0,0
A1,sbf,Q06,False,725,725,1,0,1,0,1,0,1,0
A1,sbf,Q07,False,596,596,0,0,0,0,0,0,0,0
A1,sbf,Q08,False,620,620,0,0,0,0,0,0,0,0
A1,sbf,Q09,False,798,798,2,0,0,0,2,0,0,0
A1,sbf,Q10,False,649,649,3,3,0,0,3,3,0,0
A1,sbf,Q11,False,691,691,2,2,0,1,2,2,0,1
A1,sbf,Q12,False,446,446,3,0,0,0,3,0,0,0
A1,sbf,Q13,False,491,491,2,0,0,0,2,0,0,0
A1,sbf,Q14,False,432,432,0,0,0,0,0,0,0,0
A1,sbf,Q15,False,600,600,2,0,0,0,2,0,0,0
A1,vre,Q01,False,561,561,1,0,0,0,1,0,0,0
A1,vre,Q02,False,518,518,1,0,0,0,1,0,0,0
A1,vre,Q03,False,335,335,0,0,0,0,0,0,0,0
A1,vre,Q04,False,509,509,0,0,0,0,0,0,0,0
A1,vre,Q05,False,643,643,1,1,0,0,1,1,0,0
A1,vre,Q06,False,693,693,3,5,1,0,3,5,1,0
A1,vre,Q07,False,502,502,0,2,0,0,0,2,0,0
A1,vre,Q08,False,611,611,1,1,0,0,1,1,0,0
A1,vre,Q09,False,626,626,1,1,1,0,1,1,1,0
A1,vre,Q10,False,632,632,2,0,1,0,2,0,1,0
A1,vre,Q11,False,754,754,2,3,0,0,2,3,0,0
A1,vre,Q12,False,377,377,1,1,1,0,1,1,1,0
A1,vre,Q13,False,527,527,2,2,0,0,2,2,0,0
A1,vre,Q14,False,393,393,1,0,0,0,1,0,0,0
A1,vre,Q15,False,488,488,2,2,3,0,2,2,3,0
A1,wdocd,Q01,False,592,592,0,0,0,0,0,0,0,0
A1,wdocd,Q02,False,553,553,0,0,0,0,0,0,0,0
A1,wdocd,Q03,False,510,510,0,0,1,0,0,0,1,0
A1,wdocd,Q04,False,517,517,0,2,0,0,0,2,0,0
A1,wdocd,Q05,False,563,563,0,2,0,0,0,2,0,0
A1,wdocd,Q06,False,807,807,1,3,1,0,1,3,1,0
A1,wdocd,Q07,False,641,641,0,0,0,0,0,0,0,0
A1,wdocd,Q08,False,579,579,0,1,0,0,0,1,0,0
A1,wdocd,Q09,False,623,623,0,0,1,0,0,0,1,0
A1,wdocd,Q10,False,567,567,0,0,1,0,0,0,1,0
A1,wdocd,Q11,False,860,860,0,4,0,0,0,4,0,0
A1,wdocd,Q12,False,388,388,0,1,1,0,0,1,1,0
A1,wdocd,Q13,False,455,455,0,2,1,0,0,2,1,0
A1,wdocd,Q14,False,477,477,0,0,0,0,0,0,0,0
A1,wdocd,Q15,False,561,561,0,1,2,0,0,1,2,0
A2,aobf,Q01,False,162,162,0,0,0,1,0,0,0,1
A2,aobf,Q02,False,278,278,0,1,0,0,0,1,0,0
A2,aobf,Q03,False,264,264,0,0,0,0,0,0,0,0
A2,aobf,Q04,False,311,311,0,2,1,0,0,2,1,0
A2,aobf,Q05,False,329,329,0,2,2,1,0,2,2,1
A2,aobf,Q06,False,438,438,0,3,0,0,0,3,0,0
A2,aobf,Q07,False,411,411,0,1,1,1,0,1,1,1
A2,aobf,Q08,False,419,419,0,2,2,0,0,2,2,0
A2,aobf,Q09,False,394,394,0,1,0,0,0,1,0,0
A2,aobf,Q10,False,452,452,1,2,1,0,1,2,1,0
A2,aobf,Q11,False,551,551,1,4,1,1,1,4,1,1
A2,aobf,Q12,False,259,259,1,5,1,1,1,5,1,1
A2,aobf,Q13,False,421,421,1,2,2,0,1,2,2,0
A2,aobf,Q14,False,424,424,0,2,0,0,0,2,0,0
A2,aobf,Q15,False,485,485,0,5,2,0,0,5,2,0
A2,aow,Q01,False,179,179,0,0,0,0,0,0,0,0
A2,aow,Q02,False,222,222,0,0,0,0,0,0,0,0
A2,aow,Q03,False,248,248,0,0,2,0,0,0,2,0
A2,aow,Q04,False,273,273,0,3,0,1,0,3,0,1
A2,aow,Q05,False,311,311,0,1,0,0,0,1,0,0
A2,aow,Q06,False,409,409,0,1,2,0,0,1,2,0
A2,aow,Q07,False,443,443,0,3,0,3,0,3,0,3
A2,aow,Q08,False,374,374,1,1,0,0,1,1,0,0
A2,aow,Q09,False,401,401,0,0,0,0,0,0,0,0
A2,aow,Q10,False,471,471,0,1,1,0,0,1,1,0
A2,aow,Q11,False,595,595,0,1,0,1,0,1,0,1
A2,aow,Q12,False,318,318,0,5,0,0,0,5,0,0
A2,aow,Q13,False,430,430,0,0,1,0,0,0,1,0
A2,aow,Q14,False,381,381,0,0,0,0,0,0,0,0
A2,aow,Q15,False,474,474,0,4,4,1,0,4,4,1
A2,coa,Q01,False,158,158,0,0,1,0,0,0,1,0
A2,coa,Q02,False,276,276,0,1,1,0,0,1,1,0
A2,coa,Q03,False,226,226,0,0,1,0,0,0,1,0
A2,coa,Q04,False,295,295,0,3,4,1,0,3,4,1
A2,coa,Q05,False,335,335,0,1,0,1,0,1,0,1
A2,coa,Q06,False,404,404,1,3,2,0,1,3,2,0
A2,coa,Q07,False,403,403,1,4,1,2,1,4,1,2
A2,coa,Q08,False,448,448,0,5,2,0,0,5,2,0
A2,coa,Q09,False,454,454,0,1,1,0,0,1,1,0
A2,coa,Q10,False,475,475,0,1,4,0,0,1,4,0
A2,coa,Q11,False,554,554,1,6,4,4,1,6,4,4
A2,coa,Q12,False,349,349,0,1,3,0,0,1,3,0
A2,coa,Q13,False,384,384,1,1,4,0,1,1,4,0
A2,coa,Q14,False,407,407,0,1,0,0,0,1,0,0
A2,coa,Q15,False,462,462,0,3,2,0,0,3,2,0
A2,jsm,Q01,False,299,299,0,2,1,0,0,2,1,0
A2,jsm,Q02,False,302,302,0,3,0,0,0,3,0,0
A2,jsm,Q03,False,295,295,0,0,0,0,0,0,0,0
A2,jsm,Q04,False,370,370,0,5,0,1,0,5,0,1
A2,jsm,Q05,False,387,387,1,2,2,2,1,2,2,2
A2,jsm,Q06,False,449,449,4,6,1,0,4,6,1,0
A2,jsm,Q07,False,382,382,2,2,0,0,2,2,0,0
A2,jsm,Q08,False,458,458,0,1,1,0,0,1,1,0
A2,jsm,Q09,False,437,437,0,0,1,0,0,0,1,0
A2,jsm,Q10,False,487,487,0,1,1,0,0,1,1,0
A2,jsm,Q11,False,554,554,2,6,0,3,2,6,0,3
A2,jsm,Q12,False,412,412,1,2,2,1,1,2,2,1
A2,jsm,Q13,False,434,434,0,4,1,0,0,4,1,0
A2,jsm,Q14,False,492,492,0,1,0,0,0,1,0,0
A2,jsm,Q15,False,488,488,0,3,1,1,0,3,1,1
A2,lofd,Q01,False,236,236,1,0,1,0,1,0,1,0
A2,lofd,Q02,False,240,240,0,1,0,0,0,1,0,0
A2,lofd,Q03,False,246,246,1,0,0,0,1,0,0,0
A2,lofd,Q04,False,307,307,2,4,1,1,2,4,1,1
A2,lofd,Q05,False,326,326,1,3,1,0,1,3,1,0
A2,lofd,Q06,False,423,423,4,3,1,0,4,3,1,0
A2,lofd,Q07,False,402,402,0,5,1,1,0,5,1,1
A2,lofd,Q08,False,419,419,1,1,2,0,1,1,2,0
A2,lofd,Q09,False,442,442,0,2,1,0,0,2,1,0
A2,lofd,Q10,False,531,531,3,0,1,0,3,0,1,0
A2,lofd,Q11,False,505,505,4,3,2,1,4,3,2,1
A2,lofd,Q12,False,365,365,1,1,3,0,1,1,3,0
A2,lofd,Q13,False,389,389,2,1,1,0,2,1,1,0
A2,lofd,Q14,False,405,405,0,0,0,1,0,0,0,1
A2,lofd,Q15,False,436,436,1,1,1,1,1,1,1,1
A2,med,Q01,False,246,246,2,1,0,1,2,1,0,1
A2,med,Q02,False,320,320,2,0,0,1,2,0,0,1
A2,med,Q03,False,275,275,1,1,1,1,1,1,1,1
A2,med,Q04,False,304,304,3,2,2,1,3,2,2,1
A2,med,Q05,False,352,352,2,1,0,1,2,1,0,1
A2,med,Q06,False,418,418,2,5,0,1,2,5,0,1
A2,med,Q07,False,461,461,2,2,0,2,2,2,0,2
A2,med,Q08,False,462,462,2,0,1,0,2,0,1,0
A2,med,Q09,False,457,457,1,1,0,0,1,1,0,0
A2,med,Q10,False,485,485,0,3,2,0,0,3,2,0
A2,med,Q11,False,509,509,0,4,0,4,0,4,0,4
A2,med,Q12,False,422,422,2,3,1,0,2,3,1,0
A2,med,Q13,False,401,401,3,3,2,0,3,3,2,0
A2,med,Q14,False,532,532,1,3,0,0,1,3,0,0
A2,med,Q15,False,473,473,6,4,3,0,6,4,3,0
A2,nw,Q01,False,167,167,0,0,0,0,0,0,0,0
A2,nw,Q02,False,209,209,0,0,0,0,0,0,0,0
A2,nw,Q03,False,223,223,0,0,1,0,0,0,1,0
A2,nw,Q04,False,304,304,0,2,0,1,0,2,0,1
A2,nw,Q05,False,321,321,0,0,1,1,0,0,1,1
A2,nw,Q06,False,324,324,0,2,0,0,0,2,0,0
A2,nw,Q07,False,400,400,0,0,0,3,0,0,0,3
A2,nw,Q08,False,438,438,0,1,1,0,0,1,1,0
A2,nw,Q09,False,403,403,0,1,1,1,0,1,1,1
A2,nw,Q10,False,467,467,0,1,0,0,0,1,0,0
A2,nw,Q11,False,475,475,1,0,1,4,1,0,1,4
A2,nw,Q12,False,412,412,0,1,1,1,0,1,1,1
A2,nw,Q13,False,413,413,0,2,1,0,0,2,1,0
A2,nw,Q14,False,445,445,0,0,0,0,0,0,0,0
A2,nw,Q15,False,451,451,0,1,2,1,0,1,2,1
A2,sbf,Q01,False,164,164,0,0,0,0,0,0,0,0
A2,sbf,Q02,False,258,258,0,0,0,0,0,0,0,0
A2,sbf,Q03,False,241,241,0,0,0,0,0,0,0,0
A2,sbf,Q04,False,292,292,1,0,1,0,1,0,1,0
A2,sbf,Q05,False,332,332,1,1,0,1,1,1,0,1
A2,sbf,Q06,False,438,438,4,2,0,0,4,2,0,0
A2,sbf,Q07,False,401,401,1,1,0,0,1,1,0,0
A2,sbf,Q08,False,433,433,0,1,0,0,0,1,0,0
A2,sbf,Q09,False,402,402,1,0,0,0,1,0,0,0
A2,sbf,Q10,False,504,504,0,0,1,0,0,0,1,0
A2,sbf,Q11,False,482,482,0,3,1,3,0,3,1,3
A2,sbf,Q12,False,335,335,3,1,0,2,3,1,0,2
A2,sbf,Q13,False,367,367,0,2,0,0,0,2,0,0
A2,sbf,Q14,False,416,416,0,0,0,0,0,0,0,0
A2,sbf,Q15,False,467,467,0,1,1,0,0,1,1,0
A2,vre,Q01,False,151,151,0,0,0,0,0,0,0,0
A2,vre,Q02,False,295,295,0,0,0,0,0,0,0,0
A2,vre,Q03,False,295,295,0,0,0,0,0,0,0,0
A2,vre,Q04,False,335,335,2,1,0,1,2,1,0,1
A2,vre,Q05,False,333,333,0,0,0,1,0,0,0,1
A2,vre,Q06,False,418,418,3,7,0,0,3,7,0,0
A2,vre,Q07,False,415,415,2,3,0,3,2,3,0,3
A2,vre,Q08,False,462,462,0,0,1,0,0,0,1,0
A2,vre,Q09,False,427,427,0,0,1,0,0,0,1,0
A2,vre,Q10,False,461,461,0,0,0,0,0,0,0,0
A2,vre,Q11,False,475,475,0,3,3,4,0,3,3,4
A2,vre,Q12,False,327,327,0,2,0,1,0,2,0,1
A2,vre,Q13,False,397,397,1,0,1,1,1,0,1,1
A2,vre,Q14,False,460,460,0,0,0,0,0,0,0,0
A2,vre,Q15,False,453,453,0,0,2,0,0,0,2,0
A2,wdocd,Q01,False,177,177,0,0,0,0,0,0,0,0
A2,wdocd,Q02,False,173,173,0,1,0,0,0,1,0,0
A2,wdocd,Q03,False,211,211,0,0,0,1,0,0,0,1
A2,wdocd,Q04,False,233,233,0,2,0,0,0,2,0,0
A2,wdocd,Q05,False,296,296,0,1,0,1,0,1,0,1
A2,wdocd,Q06,False,382,382,0,2,0,0,0,2,0,0
A2,wdocd,Q07,False,400,400,0,3,0,2,0,3,0,2
A2,wdocd,Q08,False,470,470,0,2,0,0,0,2,0,0
A2,wdocd,Q09,False,428,428,0,1,0,0,0,1,0,0
A2,wdocd,Q10,False,487,487,0,1,1,0,0,1,1,0
A2,wdocd,Q11,False,562,562,0,0,2,1,0,0,2,1
A2,wdocd,Q12,False,455,455,0,0,1,1,0,0,1,1
A2,wdocd,Q13,False,442,442,0,3,2,1,0,3,2,1
A2,wdocd,Q14,False,486,486,0,0,0,0,0,0,0,0
A2,wdocd,Q15,False,474,474,0,2,2,3,0,2,2,3
A3,aobf,Q01,False,219,219,0,0,0,0,0,0,0,0
A3,aobf,Q02,False,208,208,0,1,0,0,0,1,0,0
A3,aobf,Q03,False,215,215,0,0,0,0,0,0,0,0
A3,aobf,Q04,False,190,190,0,0,0,0,0,0,0,0
A3,aobf,Q05,False,237,237,0,0,2,1,0,0,2,1
A3,aobf,Q06,False,345,345,0,3,1,0,0,3,1,0
A3,aobf,Q07,False,313,313,0,2,0,1,0,2,0,1
A3,aobf,Q08,False,356,356,0,2,0,0,0,2,0,0
A3,aobf,Q09,False,328,328,0,0,0,0,0,0,0,0
A3,aobf,Q10,False,358,358,0,1,0,0,0,1,0,0
A3,aobf,Q11,False,397,397,0,3,0,2,0,3,0,2
A3,aobf,Q12,False,216,216,0,1,1,0,0,1,1,0
A3,aobf,Q13,False,338,338,0,2,0,0,0,2,0,0
A3,aobf,Q14,False,354,354,0,0,0,0,0,0,0,0
A3,aobf,Q15,False,391,391,0,2,3,0,0,2,3,0
A3,aow,Q01,False,195,195,0,0,1,0,0,0,1,0
A3,aow,Q02,False,274,274,0,1,0,0,0,1,0,0
A3,aow,Q03,False,249,249,0,0,0,0,0,0,0,0
A3,aow,Q04,False,214,214,0,0,0,0,0,0,0,0
A3,aow,Q05,False,199,199,0,0,0,1,0,0,0,1
A3,aow,Q06,False,373,373,0,0,0,0,0,0,0,0
A3,aow,Q07,False,331,331,0,0,0,1,0,0,0,1
A3,aow,Q08,False,346,346,0,1,0,0,0,1,0,0
A3,aow,Q09,False,344,344,0,0,0,0,0,0,0,0
A3,aow,Q10,False,392,392,0,1,0,0,0,1,0,0
A3,aow,Q11,False,378,378,0,3,0,1,0,3,0,1
A3,aow,Q12,False,219,219,0,1,0,0,0,1,0,0
A3,aow,Q13,False,293,293,0,0,0,0,0,0,0,0
A3,aow,Q14,False,352,352,0,0,0,0,0,0,0,0
A3,aow,Q15,False,364,364,0,1,2,0,0,1,2,0
A3,coa,Q01,False,220,220,0,0,2,0,0,0,2,0
A3,coa,Q02,False,222,222,0,0,0,0,0,0,0,0
A3,coa,Q03,False,255,255,0,0,1,1,0,0,1,1
A3,coa,Q04,False,223,223,0,1,1,1,0,1,1,1
A3,coa,Q05,False,316,316,0,1,1,0,0,1,1,0
A3,coa,Q06,False,352,352,0,2,1,0,0,2,1,0
A3,coa,Q07,False,357,357,0,1,2,1,0,1,2,1
A3,coa,Q08,False,380,380,0,3,1,0,0,3,1,0
A3,coa,Q09,False,418,418,0,0,1,0,0,0,1,0
A3,coa,Q10,False,479,479,0,0,4,0,0,0,4,0
A3,coa,Q11,False,461,461,0,4,5,1,0,4,5,1
A3,coa,Q12,False,292,292,0,0,1,0,0,0,1,0
A3,coa,Q13,False,404,404,0,3,4,0,0,3,4,0
A3,coa,Q14,False,399,399,0,0,0,0,0,0,0,0
A3,coa,Q15,False,435,435,1,3,2,1,1,3,2,1
A3,jsm,Q01,False,266,266,0,0,0,0,0,0,0,0
A3,jsm,Q02,False,271,271,0,1,0,0,0,1,0,0
A3,jsm,Q03,False,250,250,0,1,0,0,0,1,0,0
A3,jsm,Q04,False,224,224,0,1,1,1,0,1,1,1
A3,jsm,Q05,False,282,282,0,1,0,0,0,1,0,0
A3,jsm,Q06,False,332,332,2,2,1,1,2,2,1,1
A3,jsm,Q07,False,290,290,1,2,1,2,1,2,1,2
A3,jsm,Q08,False,353,353,0,0,2,0,0,0,2,0
A3,jsm,Q09,False,356,356,0,0,0,0,0,0,0,0
A3,jsm,Q10,False,405,405,0,0,0,0,0,0,0,0
A3,jsm,Q11,False,400,400,0,2,1,3,0,2,1,3
A3,jsm,Q12,False,229,229,2,0,1,0,2,0,1,0
A3,jsm,Q13,False,364,364,0,2,1,0,0,2,1,0
A3,jsm,Q14,False,378,378,0,1,0,0,0,1,0,0
A3,jsm,Q15,False,413,413,1,2,0,1,1,2,0,1
A3,lofd,Q01,False,213,213,0,0,1,0,0,0,1,0
A3,lofd,Q02,False,193,193,0,0,0,0,0,0,0,0
A3,lofd,Q03,False,231,231,1,1,0,0,1,1,0,0
A3,lofd,Q04,False,214,214,1,0,1,0,1,0,1,0
A3,lofd,Q05,False,209,209,1,0,0,0,1,0,0,0
A3,lofd,Q06,False,309,309,2,4,1,0,2,4,1,0
A3,lofd,Q07,False,207,207,0,1,0,0,0,1,0,0
A3,lofd,Q08,False,304,304,0,1,0,0,0,1,0,0
A3,lofd,Q09,False,321,321,0,0,1,0,0,0,1,0
A3,lofd,Q10,False,378,378,1,0,0,0,1,0,0,0
A3,lofd,Q11,False,366,366,1,4,1,1,1,4,1,1
A3,lofd,Q12,False,246,246,1,0,2,0,1,0,2,0
A3,lofd,Q13,False,339,339,1,1,1,0,1,1,1,0
A3,lofd,Q14,False,355,355,1,0,0,1,1,0,0,1
A3,lofd,Q15,False,403,403,0,1,0,1,0,1,0,1
A3,med,Q01,False,200,200,0,0,0,0,0,0,0,0
A3,med,Q02,False,214,214,1,0,0,0,1,0,0,0
A3,med,Q03,False,236,236,0,0,0,0,0,0,0,0
A3,med,Q04,False,242,242,0,1,0,0,0,1,0,0
A3,med,Q05,False,295,295,1,1,0,0,1,1,0,0
A3,med,Q06,False,366,366,3,3,1,0,3,3,1,0
A3,med,Q07,False,348,348,1,1,0,2,1,1,0,2
A3,med,Q08,False,370,370,1,0,0,0,1,0,0,0
A3,med,Q09,False,383,383,0,1,0,0,0,1,0,0
A3,med,Q10,False,413,413,1,2,0,0,1,2,0,0
A3,med,Q11,False,446,446,3,4,0,4,3,4,0,4
A3,med,Q12,False,232,232,1,1,0,1,1,1,0,1
A3,med,Q13,False,352,352,4,2,1,1,4,2,1,1
A3,med,Q14,False,413,413,1,1,0,0,1,1,0,0
A3,med,Q15,False,404,404,3,3,2,0,3,3,2,0
A3,nw,Q01,False,253,253,0,0,0,0,0,0,0,0
A3,nw,Q02,False,219,219,0,0,0,0,0,0,0,0
A3,nw,Q03,False,210,210,0,0,0,0,0,0,0,0
A3,nw,Q04,False,204,204,0,2,0,0,0,2,0,0
A3,nw,Q05,False,273,273,0,0,0,0,0,0,0,0
A3,nw,Q06,False,358,358,0,1,0,0,0,1,0,0
A3,nw,Q07,False,300,300,1,0,0,1,1,0,0,1
A3,nw,Q08,False,368,368,0,1,0,0,0,1,0,0
A3,nw,Q09,False,336,336,0,0,0,0,0,0,0,0
A3,nw,Q10,False,378,378,0,0,0,0,0,0,0,0
A3,nw,Q11,False,393,393,0,2,1,3,0,2,1,3
A3,nw,Q12,False,243,243,0,0,0,0,0,0,0,0
A3,nw,Q13,False,331,331,0,2,0,0,0,2,0,0
A3,nw,Q14,False,392,392,0,0,0,0,0,0,0,0
A3,nw,Q15,False,344,344,0,0,0,1,0,0,0,1
A3,sbf,Q01,False,267,267,0,0,0,0,0,0,0,0
A3,sbf,Q02,False,262,262,0,0,0,0,0,0,0,0
A3,sbf,Q03,False,261,261,0,0,0,0,0,0,0,0
A3,sbf,Q04,False,203,203,0,0,0,0,0,0,0,0
A3,sbf,Q05,False,333,333,1,0,0,0,1,0,0,0
A3,sbf,Q06,False,393,393,0,1,0,0,0,1,0,0
A3,sbf,Q07,False,349,349,1,0,0,1,1,0,0,1
A3,sbf,Q08,False,365,365,0,0,0,0,0,0,0,0
A3,sbf,Q09,False,412,412,1,0,0,0,1,0,0,0
A3,sbf,Q10,False,391,391,1,1,0,0,1,1,0,0
A3,sbf,Q11,False,411,411,0,0,0,2,0,0,0,2
A3,sbf,Q12,False,264,264,1,1,0,0,1,1,0,0
A3,sbf,Q13,False,356,356,0,1,0,1,0,1,0,1
A3,sbf,Q14,False,388,388,0,0,0,0,0,0,0,0
A3,sbf,Q15,False,411,411,1,0,1,0,1,0,1,0
A3,vre,Q01,False,226,226,0,0,0,0,0,0,0,0
A3,vre,Q02,False,200,200,0,0,0,0,0,0,0,0
A3,vre,Q03,False,237,237,0,0,0,0,0,0,0,0
A3,vre,Q04,False,216,216,0,0,1,0,0,0,1,0
A3,vre,Q05,False,271,271,0,0,0,1,0,0,0,1
A3,vre,Q06,False,335,335,1,2,0,1,1,2,0,1
A3,vre,Q07,False,347,347,0,1,1,2,0,1,1,2
A3,vre,Q08,False,361,361,0,0,0,0,0,0,0,0
A3,vre,Q09,False,391,391,0,0,0,0,0,0,0,0
A3,vre,Q10,False,427,427,0,0,0,0,0,0,0,0
A3,vre,Q11,False,439,439,0,1,1,1,0,1,1,1
A3,vre,Q12,False,246,246,0,0,0,0,0,0,0,0
A3,vre,Q13,False,328,328,0,0,1,0,0,0,1,0
A3,vre,Q14,False,405,405,0,1,0,0,0,1,0,0
A3,vre,Q15,False,404,404,1,1,0,0,1,1,0,0
A3,wdocd,Q01,False,227,227,0,0,0,1,0,0,0,1
A3,wdocd,Q02,False,216,216,0,1,0,0,0,1,0,0
A3,wdocd,Q03,False,226,226,0,0,0,0,0,0,0,0
A3,wdocd,Q04,False,247,247,0,1,0,0,0,1,0,0
A3,wdocd,Q05,False,276,276,0,0,0,0,0,0,0,0
A3,wdocd,Q06,False,273,273,0,1,0,0,0,1,0,0
A3,wdocd,Q07,False,245,245,0,0,0,0,0,0,0,0
A3,wdocd,Q08,False,246,246,0,0,0,0,0,0,0,0
A3,wdocd,Q09,False,344,344,0,1,0,0,0,1,0,0
A3,wdocd,Q10,False,376,376,0,0,0,0,0,0,0,0
A3,wdocd,Q11,False,391,391,0,0,0,2,0,0,0,2
A3,wdocd,Q12,False,252,252,0,1,0,1,0,1,0,1
A3,wdocd,Q13,False,329,329,0,2,0,1,0,2,0,1
A3,wdocd,Q14,False,349,349,0,0,0,0,0,0,0,0
A3,wdocd,Q15,False,411,411,0,2,1,2,0,2,1,2
B,aobf,Q01,True,141,160,0,1,0,1,0,1,0,2
B,aobf,Q02,True,131,151,0,1,0,0,0,1,0,1
B,aobf,Q03,True,141,162,0,1,1,0,0,1,1,1
B,aobf,Q04,True,158,182,0,1,0,0,0,2,0,1
B,aobf,Q05,True,147,168,0,1,0,0,0,1,0,1
B,aobf,Q06,True,163,186,0,1,1,0,0,1,1,1
B,aobf,Q07,True,173,192,0,0,0,0,0,0,0,1
B,aobf,Q08,True,169,192,0,0,1,0,0,0,1,1
B,aobf,Q09,True,195,216,0,1,0,0,0,1,0,1
B,aobf,Q10,True,222,245,0,1,1,0,0,1,1,1
B,aobf,Q11,True,191,213,0,2,0,1,0,2,0,2
B,aobf,Q12,True,143,165,0,0,1,0,0,0,1,1
B,aobf,Q13,True,181,203,0,0,0,0,0,0,0,1
B,aobf,Q14,True,185,205,0,0,0,0,0,0,0,1
B,aobf,Q15,True,184,205,0,1,1,1,0,1,1,2
B,aow,Q01,True,154,171,0,0,0,0,0,0,0,1
B,aow,Q02,True,166,184,0,0,0,0,0,0,0,1
B,aow,Q03,True,167,184,0,0,1,0,0,0,1,1
B,aow,Q04,True,171,187,0,0,0,0,0,0,0,1
B,aow,Q05,True,152,171,0,1,0,0,0,1,0,1
B,aow,Q06,True,177,195,0,0,0,0,0,0,0,1
B,aow,Q07,True,203,221,0,0,0,0,0,0,0,1
B,aow,Q08,True,190,204,0,0,0,0,0,0,0,1
B,aow,Q09,True,194,215,0,0,0,0,0,0,0,1
B,aow,Q10,True,213,229,0,1,1,0,0,1,1,1
B,aow,Q11,True,258,276,0,1,0,0,0,1,0,1
B,aow,Q12,True,150,170,0,1,0,0,0,1,0,1
B,aow,Q13,True,181,199,0,0,0,0,0,0,0,1
B,aow,Q14,True,193,213,0,1,0,0,0,1,0,1
B,aow,Q15,True,193,212,0,0,1,0,0,0,1,1
B,coa,Q01,True,132,153,0,1,1,0,0,1,1,1
B,coa,Q02,True,139,158,0,0,0,0,0,0,0,0
B,coa,Q03,True,144,168,0,1,0,1,0,1,0,2
B,coa,Q04,True,148,170,0,0,1,0,0,0,1,1
B,coa,Q05,True,183,203,0,0,0,1,0,0,0,2
B,coa,Q06,True,150,173,0,0,1,0,0,0,1,1
B,coa,Q07,True,156,179,0,0,1,0,0,0,1,1
B,coa,Q08,True,134,162,0,1,0,0,0,1,0,1
B,coa,Q09,True,172,193,0,1,0,0,0,1,0,1
B,coa,Q10,True,191,211,0,0,1,0,0,0,1,1
B,coa,Q11,True,168,191,0,1,1,0,0,1,1,1
B,coa,Q12,True,146,168,0,0,0,0,0,0,0,1
B,coa,Q13,True,161,187,0,0,1,1,0,0,1,2
B,coa,Q14,True,168,189,0,0,0,0,0,0,0,1
B,coa,Q15,True,185,203,0,0,2,0,0,0,2,1
B,jsm,Q01,True,139,155,0,1,0,0,0,1,0,1
B,jsm,Q02,True,138,156,0,0,0,0,0,0,0,1
B,jsm,Q03,True,144,165,0,0,0,0,0,0,0,1
B,jsm,Q04,True,148,167,0,1,0,0,0,1,0,1
B,jsm,Q05,True,141,160,0,1,0,0,0,1,0,1
B,jsm,Q06,True,148,164,0,0,0,0,0,0,0,1
B,jsm,Q07,True,117,135,0,1,0,0,0,1,0,1
B,jsm,Q08,True,130,150,0,0,1,1,0,0,1,2
B,jsm,Q09,True,138,161,0,0,0,0,0,0,0,1
B,jsm,Q10,True,149,165,0,1,1,0,0,1,1,1
B,jsm,Q11,True,155,171,0,0,1,0,0,0,1,1
B,jsm,Q12,True,118,133,0,2,0,0,0,2,0,1
B,jsm,Q13,True,132,148,0,1,0,0,0,1,0,1
B,jsm,Q14,True,145,165,0,0,0,0,0,0,0,1
B,jsm,Q15,True,151,168,0,0,0,1,0,0,0,2
B,lofd,Q01,True,153,175,0,0,1,0,0,0,1,1
B,lofd,Q02,True,157,179,0,0,0,0,0,0,0,1
B,lofd,Q03,True,160,183,0,0,0,0,0,0,0,1
B,lofd,Q04,True,158,183,1,1,1,0,1,1,1,1
B,lofd,Q05,True,147,166,0,0,0,0,0,0,0,1
B,lofd,Q06,True,171,189,0,1,0,0,0,1,0,1
B,lofd,Q07,True,148,176,0,1,0,0,0,1,0,1
B,lofd,Q08,True,173,193,1,0,1,0,1,0,1,1
B,lofd,Q09,True,207,230,0,0,0,0,0,0,0,1
B,lofd,Q10,True,211,236,0,0,0,0,0,0,0,1
B,lofd,Q11,True,181,202,0,1,0,0,0,1,1,1
B,lofd,Q12,True,147,166,1,0,0,0,1,0,0,1
B,lofd,Q13,True,152,177,0,0,0,0,0,0,0,1
B,lofd,Q14,True,172,192,0,0,0,1,0,0,0,2
B,lofd,Q15,True,179,201,0,0,0,0,0,0,0,1
B,med,Q01,True,131,149,1,0,0,0,1,0,0,1
B,med,Q02,True,126,147,0,0,0,0,0,0,0,1
B,med,Q03,True,137,157,1,0,0,0,1,0,0,1
B,med,Q04,True,138,156,0,0,0,0,0,0,0,1
B,med,Q05,True,151,171,1,0,0,1,1,0,0,2
B,med,Q06,True,143,164,1,0,0,1,1,0,0,2
B,med,Q07,True,172,190,0,2,0,0,0,2,0,1
B,med,Q08,True,178,198,0,1,0,0,0,1,0,1
B,med,Q09,True,196,217,0,0,0,0,0,0,0,1
B,med,Q10,True,215,233,0,0,0,0,0,0,0,1
B,med,Q11,True,219,239,1,2,0,1,1,2,0,2
B,med,Q12,True,171,191,0,1,0,0,0,1,0,1
B,med,Q13,True,169,189,2,1,1,0,2,1,1,1
B,med,Q14,True,194,213,0,2,0,0,0,2,0,1
B,med,Q15,True,187,206,1,3,1,0,1,3,1,1
B,nw,Q01,True,134,150,0,1,0,0,0,1,0,1
B,nw,Q02,True,128,147,0,1,0,0,0,1,0,1
B,nw,Q03,True,129,146,0,0,0,0,0,0,0,1
B,nw,Q04,True,132,150,0,0,0,0,0,0,0,1
B,nw,Q05,True,142,164,0,0,0,0,0,0,0,1
B,nw,Q06,True,133,150,0,0,0,0,0,0,0,1
B,nw,Q07,True,141,161,0,0,0,0,0,0,0,1
B,nw,Q08,True,141,158,0,0,0,0,0,0,0,1
B,nw,Q09,True,152,173,0,0,0,0,0,0,0,1
B,nw,Q10,True,182,197,0,0,0,0,0,0,0,1
B,nw,Q11,True,150,169,0,1,0,0,0,1,0,1
B,nw,Q12,True,155,171,0,0,0,1,0,0,0,2
B,nw,Q13,True,146,160,0,0,0,0,0,0,0,1
B,nw,Q14,True,180,198,0,0,0,0,0,0,0,1
B,nw,Q15,True,172,189,0,0,0,0,0,0,0,1
B,sbf,Q01,True,144,166,1,0,0,0,1,0,0,0
B,sbf,Q02,False,181,181,0,0,0,0,0,0,0,0
B,sbf,Q03,True,158,178,0,0,0,0,0,0,0,0
B,sbf,Q04,False,169,169,0,0,0,0,0,0,0,0
B,sbf,Q05,True,138,163,0,0,0,0,0,0,0,0
B,sbf,Q06,False,185,185,0,1,0,0,0,1,0,0
B,sbf,Q07,True,146,171,0,0,0,0,0,0,0,0
B,sbf,Q08,False,176,176,0,1,0,0,0,1,0,0
B,sbf,Q09,True,175,201,1,0,0,0,1,0,0,0
B,sbf,Q10,False,230,230,0,0,0,0,0,0,0,0
B,sbf,Q11,True,186,215,0,1,0,0,0,1,0,0
B,sbf,Q12,True,149,172,1,0,0,0,1,0,0,0
B,sbf,Q13,True,163,186,1,0,0,0,1,0,0,0
B,sbf,Q14,True,186,209,0,0,0,0,0,0,0,0
B,sbf,Q15,True,186,211,1,0,0,0,1,0,0,0
B,vre,Q01,True,148,167,0,0,0,0,0,0,0,1
B,vre,Q02,True,123,141,0,0,0,0,0,0,0,1
B,vre,Q03,True,147,163,0,0,0,0,0,0,0,1
B,vre,Q04,True,144,163,0,0,0,0,0,0,0,1
B,vre,Q05,True,172,193,0,0,0,0,0,0,0,1
B,vre,Q06,True,158,177,0,1,0,0,0,1,0,1
B,vre,Q07,True,190,208,0,1,0,0,0,1,0,1
B,vre,Q08,True,172,197,0,1,0,0,0,1,0,1
B,vre,Q09,True,168,191,0,0,0,0,0,0,0,1
B,vre,Q10,True,198,221,0,0,0,0,0,0,0,1
B,vre,Q11,True,175,193,0,1,1,0,0,1,1,1
B,vre,Q12,True,168,185,0,0,0,0,0,0,0,1
B,vre,Q13,True,161,178,0,0,0,1,0,0,0,2
B,vre,Q14,True,200,221,0,1,0,0,0,1,0,1
B,vre,Q15,True,204,221,0,1,1,0,0,1,1,1
B,wdocd,Q01,True,151,173,0,0,0,0,0,0,0,1
B,wdocd,Q02,True,178,198,0,0,0,0,0,0,0,1
B,wdocd,Q03,True,184,205,0,0,0,1,0,0,0,2
B,wdocd,Q04,True,166,187,0,0,0,0,0,0,0,1
B,wdocd,Q05,True,170,196,0,0,0,0,0,0,0,1
B,wdocd,Q06,True,185,210,0,1,0,1,0,1,0,2
B,wdocd,Q07,True,204,226,0,0,0,0,0,0,0,1
B,wdocd,Q08,True,180,200,0,2,0,0,0,2,0,1
B,wdocd,Q09,True,190,212,0,0,0,0,0,0,0,1
B,wdocd,Q10,True,241,263,0,1,0,0,0,1,0,1
B,wdocd,Q11,True,201,220,0,0,0,0,0,0,0,1
B,wdocd,Q12,True,159,180,0,0,0,0,0,0,0,1
B,wdocd,Q13,True,160,179,0,1,0,0,0,1,0,1
B,wdocd,Q14,True,175,196,0,0,0,0,0,0,0,1
B,wdocd,Q15,True,175,196,0,0,0,0,0,0,0,1
