cond,ab,qid,d1,d2,d3,d4,tokens,d123_per1k,total_per1k,d123_per1k_raw,total_per1k_raw,stripped,would_strip
A1,aobf,Q01,0,0,0,0,275,0.0,0.0,0.0,0.0,False,False
A1,aobf,Q02,0,3,0,0,366,8.196721311475411,8.196721311475411,8.196721311475411,8.196721311475411,False,False
A1,aobf,Q03,0,1,0,0,302,3.3112582781456954,3.3112582781456954,3.3112582781456954,3.3112582781456954,False,False
A1,aobf,Q04,1,0,0,0,405,2.4691358024691357,2.4691358024691357,2.4691358024691357,2.4691358024691357,False,False
A1,aobf,Q05,1,2,1,0,456,8.771929824561402,8.771929824561402,8.771929824561402,8.771929824561402,False,False
A1,aobf,Q06,0,5,1,0,575,10.434782608695652,10.434782608695652,10.434782608695652,10.434782608695652,False,False
A1,aobf,Q07,0,1,0,1,484,2.066115702479339,4.132231404958678,2.066115702479339,4.132231404958678,False,False
A1,aobf,Q08,0,0,0,0,503,0.0,0.0,0.0,0.0,False,False
A1,aobf,Q09,0,0,0,0,583,0.0,0.0,0.0,0.0,False,False
A1,aobf,Q10,0,0,0,0,610,0.0,0.0,0.0,0.0,False,False
A1,aobf,Q11,0,2,0,0,671,2.9806259314456036,2.9806259314456036,2.9806259314456036,2.9806259314456036,False,False
A1,aobf,Q12,0,2,1,0,324,9.25925925925926,9.25925925925926,9.25925925925926,9.25925925925926,False,False
A1,aobf,Q13,0,2,2,0,384,10.416666666666666,10.416666666666666,10.416666666666666,10.416666666666666,False,False
A1,aobf,Q14,0,0,0,0,383,0.0,0.0,0.0,0.0,False,False
A1,aobf,Q15,0,3,3,0,470,12.76595744680851,12.76595744680851,12.76595744680851,12.76595744680851,False,False
A1,aow,Q01,0,0,0,0,399,0.0,0.0,0.0,0.0,False,False
A1,aow,Q02,0,0,0,0,368,0.0,0.0,0.0,0.0,False,False
A1,aow,Q03,0,1,0,0,307,3.257328990228013,3.257328990228013,3.257328990228013,3.257328990228013,False,False
A1,aow,Q04,1,1,3,0,548,9.124087591240874,9.124087591240874,9.124087591240874,9.124087591240874,False,False
A1,aow,Q05,0,0,1,0,469,2.1321961620469083,2.1321961620469083,2.1321961620469083,2.1321961620469083,False,False
A1,aow,Q06,0,1,2,0,527,5.692599620493358,5.692599620493358,5.692599620493358,5.692599620493358,False,False
A1,aow,Q07,0,1,0,0,532,1.8796992481203008,1.8796992481203008,1.8796992481203008,1.8796992481203008,False,False
A1,aow,Q08,0,3,0,0,541,5.545286506469501,5.545286506469501,5.545286506469501,5.545286506469501,False,False
A1,aow,Q09,0,0,0,0,564,0.0,0.0,0.0,0.0,False,False
A1,aow,Q10,0,2,0,0,549,3.6429872495446265,3.6429872495446265,3.6429872495446265,3.6429872495446265,False,False
A1,aow,Q11,0,4,0,0,774,5.167958656330749,5.167958656330749,5.167958656330749,5.167958656330749,False,False
A1,aow,Q12,0,1,0,0,373,2.680965147453083,2.680965147453083,2.680965147453083,2.680965147453083,False,False
A1,aow,Q13,0,2,2,0,426,9.389671361502348,9.389671361502348,9.389671361502348,9.389671361502348,False,False
A1,aow,Q14,0,2,0,0,367,5.449591280653951,5.449591280653951,5.449591280653951,5.449591280653951,False,False
A1,aow,Q15,0,1,3,0,472,8.474576271186441,8.474576271186441,8.474576271186441,8.474576271186441,False,False
A1,coa,Q01,0,0,2,0,420,4.761904761904763,4.761904761904763,4.761904761904763,4.761904761904763,False,False
A1,coa,Q02,0,0,1,0,364,2.7472527472527473,2.7472527472527473,2.7472527472527473,2.7472527472527473,False,False
A1,coa,Q03,0,1,2,0,432,6.944444444444444,6.944444444444444,6.944444444444444,6.944444444444444,False,False
A1,coa,Q04,0,1,2,0,476,6.302521008403361,6.302521008403361,6.302521008403361,6.302521008403361,False,False
A1,coa,Q05,0,1,1,1,569,3.51493848857645,5.272407732864675,3.51493848857645,5.272407732864675,False,False
A1,coa,Q06,0,0,4,1,681,5.873715124816446,7.342143906020558,5.873715124816446,7.342143906020558,False,False
A1,coa,Q07,0,0,2,1,631,3.1695721077654517,4.754358161648177,3.1695721077654517,4.754358161648177,False,False
A1,coa,Q08,0,0,5,0,567,8.818342151675484,8.818342151675484,8.818342151675484,8.818342151675484,False,False
A1,coa,Q09,0,0,1,0,688,1.4534883720930232,1.4534883720930232,1.4534883720930232,1.4534883720930232,False,False
A1,coa,Q10,1,2,2,1,548,9.124087591240874,10.948905109489052,9.124087591240874,10.948905109489052,False,False
A1,coa,Q11,0,0,0,2,733,0.0,2.728512960436562,0.0,2.728512960436562,False,False
A1,coa,Q12,0,0,0,0,490,0.0,0.0,0.0,0.0,False,False
A1,coa,Q13,0,0,2,0,454,4.405286343612335,4.405286343612335,4.405286343612335,4.405286343612335,False,False
A1,coa,Q14,0,1,0,0,488,2.0491803278688527,2.0491803278688527,2.0491803278688527,2.0491803278688527,False,False
A1,coa,Q15,0,1,3,0,556,7.194244604316547,7.194244604316547,7.194244604316547,7.194244604316547,False,False
A1,jsm,Q01,0,1,1,0,419,4.773269689737471,4.773269689737471,4.773269689737471,4.773269689737471,False,False
A1,jsm,Q02,0,1,1,0,438,4.5662100456621,4.5662100456621,4.5662100456621,4.5662100456621,False,False
A1,jsm,Q03,0,1,1,0,357,5.602240896358543,5.602240896358543,5.602240896358543,5.602240896358543,False,False
A1,jsm,Q04,0,3,2,0,475,10.526315789473683,10.526315789473683,10.526315789473683,10.526315789473683,False,False
A1,jsm,Q05,2,2,2,0,567,10.582010582010582,10.582010582010582,10.582010582010582,10.582010582010582,False,False
A1,jsm,Q06,4,2,2,0,684,11.695906432748536,11.695906432748536,11.695906432748536,11.695906432748536,False,False
A1,jsm,Q07,0,0,0,0,395,0.0,0.0,0.0,0.0,False,False
A1,jsm,Q08,0,1,2,0,624,4.807692307692308,4.807692307692308,4.807692307692308,4.807692307692308,False,False
A1,jsm,Q09,0,2,0,0,604,3.3112582781456954,3.3112582781456954,3.3112582781456954,3.3112582781456954,False,False
A1,jsm,Q10,0,1,4,0,546,9.157509157509159,9.157509157509159,9.157509157509159,9.157509157509159,False,False
A1,jsm,Q11,0,3,1,1,606,6.600660066006601,8.25082508250825,6.600660066006601,8.25082508250825,False,False
A1,jsm,Q12,1,2,2,0,435,11.494252873563218,11.494252873563218,11.494252873563218,11.494252873563218,False,False
A1,jsm,Q13,0,3,1,1,493,8.113590263691684,10.141987829614605,8.113590263691684,10.141987829614605,False,False
A1,jsm,Q14,0,0,0,0,385,0.0,0.0,0.0,0.0,False,False
A1,jsm,Q15,2,3,4,0,613,14.68189233278956,14.68189233278956,14.68189233278956,14.68189233278956,False,False
A1,lofd,Q01,0,0,1,0,351,2.849002849002849,2.849002849002849,2.849002849002849,2.849002849002849,False,False
A1,lofd,Q02,0,0,0,0,431,0.0,0.0,0.0,0.0,False,False
A1,lofd,Q03,0,0,0,0,331,0.0,0.0,0.0,0.0,False,False
A1,lofd,Q04,3,3,3,0,471,19.108280254777068,19.108280254777068,19.108280254777068,19.108280254777068,False,False
A1,lofd,Q05,1,3,1,0,542,9.22509225092251,9.22509225092251,9.22509225092251,9.22509225092251,False,False
A1,lofd,Q06,3,4,2,0,654,13.761467889908257,13.761467889908257,13.761467889908257,13.761467889908257,False,False
A1,lofd,Q07,1,0,0,0,445,2.247191011235955,2.247191011235955,2.247191011235955,2.247191011235955,False,False
A1,lofd,Q08,1,1,1,0,521,5.758157389635317,5.758157389635317,5.758157389635317,5.758157389635317,False,False
A1,lofd,Q09,0,1,1,0,574,3.484320557491289,3.484320557491289,3.484320557491289,3.484320557491289,False,False
A1,lofd,Q10,0,1,0,0,559,1.7889087656529516,1.7889087656529516,1.7889087656529516,1.7889087656529516,False,False
A1,lofd,Q11,1,1,1,2,607,4.942339373970346,8.237232289950576,4.942339373970346,8.237232289950576,False,False
A1,lofd,Q12,0,0,0,0,354,0.0,0.0,0.0,0.0,False,False
A1,lofd,Q13,3,0,0,0,473,6.342494714587738,6.342494714587738,6.342494714587738,6.342494714587738,False,False
A1,lofd,Q14,0,1,0,0,389,2.5706940874035986,2.5706940874035986,2.5706940874035986,2.5706940874035986,False,False
A1,lofd,Q15,2,2,3,0,525,13.333333333333334,13.333333333333334,13.333333333333334,13.333333333333334,False,False
A1,med,Q01,2,0,0,0,451,4.434589800443459,4.434589800443459,4.434589800443459,4.434589800443459,False,False
A1,med,Q02,2,0,0,0,340,5.88235294117647,5.88235294117647,5.88235294117647,5.88235294117647,False,False
A1,med,Q03,0,0,0,0,336,0.0,0.0,0.0,0.0,False,False
A1,med,Q04,2,1,1,0,372,10.752688172043012,10.752688172043012,10.752688172043012,10.752688172043012,False,False
A1,med,Q05,2,1,1,0,473,8.456659619450317,8.456659619450317,8.456659619450317,8.456659619450317,False,False
A1,med,Q06,2,2,0,0,676,5.9171597633136095,5.9171597633136095,5.9171597633136095,5.9171597633136095,False,False
A1,med,Q07,1,0,0,0,533,1.876172607879925,1.876172607879925,1.876172607879925,1.876172607879925,False,False
A1,med,Q08,6,0,0,0,733,8.185538881309686,8.185538881309686,8.185538881309686,8.185538881309686,False,False
A1,med,Q09,0,0,0,0,782,0.0,0.0,0.0,0.0,False,False
A1,med,Q10,0,0,1,0,608,1.644736842105263,1.644736842105263,1.644736842105263,1.644736842105263,False,False
A1,med,Q11,1,0,0,1,925,1.0810810810810811,2.1621621621621623,1.0810810810810811,2.1621621621621623,False,False
A1,med,Q12,0,0,0,0,442,0.0,0.0,0.0,0.0,False,False
A1,med,Q13,5,2,1,0,430,18.6046511627907,18.6046511627907,18.6046511627907,18.6046511627907,False,False
A1,med,Q14,0,0,0,0,471,0.0,0.0,0.0,0.0,False,False
A1,med,Q15,3,3,3,0,491,18.329938900203665,18.329938900203665,18.329938900203665,18.329938900203665,False,False
A1,nw,Q01,0,1,0,0,445,2.247191011235955,2.247191011235955,2.247191011235955,2.247191011235955,False,False
A1,nw,Q02,0,0,0,0,384,0.0,0.0,0.0,0.0,False,False
A1,nw,Q03,0,0,0,0,353,0.0,0.0,0.0,0.0,False,False
A1,nw,Q04,1,1,1,0,423,7.092198581560283,7.092198581560283,7.092198581560283,7.092198581560283,False,False
A1,nw,Q05,1,3,0,0,514,7.782101167315175,7.782101167315175,7.782101167315175,7.782101167315175,False,False
A1,nw,Q06,3,0,1,0,592,6.756756756756757,6.756756756756757,6.756756756756757,6.756756756756757,False,False
A1,nw,Q07,0,0,0,1,590,0.0,1.694915254237288,0.0,1.694915254237288,False,False
A1,nw,Q08,0,0,0,0,553,0.0,0.0,0.0,0.0,False,False
A1,nw,Q09,0,2,0,0,554,3.6101083032490977,3.6101083032490977,3.6101083032490977,3.6101083032490977,False,False
A1,nw,Q10,0,0,0,0,585,0.0,0.0,0.0,0.0,False,False
A1,nw,Q11,0,1,0,0,627,1.594896331738437,1.594896331738437,1.594896331738437,1.594896331738437,False,False
A1,nw,Q12,0,1,0,0,372,2.688172043010753,2.688172043010753,2.688172043010753,2.688172043010753,False,False
A1,nw,Q13,0,0,1,0,421,2.375296912114014,2.375296912114014,2.375296912114014,2.375296912114014,False,False
A1,nw,Q14,0,0,0,0,430,0.0,0.0,0.0,0.0,False,False
A1,nw,Q15,0,0,3,0,445,6.741573033707866,6.741573033707866,6.741573033707866,6.741573033707866,False,False
A1,sbf,Q01,1,0,0,0,496,2.0161290322580645,2.0161290322580645,2.0161290322580645,2.0161290322580645,False,False
A1,sbf,Q02,0,0,0,0,490,0.0,0.0,0.0,0.0,False,False
A1,sbf,Q03,1,0,0,0,516,1.937984496124031,1.937984496124031,1.937984496124031,1.937984496124031,False,False
A1,sbf,Q04,1,0,0,1,518,1.9305019305019306,3.8610038610038613,1.9305019305019306,3.8610038610038613,False,False
A1,sbf,Q05,1,0,0,0,612,1.6339869281045751,1.6339869281045751,1.6339869281045751,1.6339869281045751,False,False
A1,sbf,Q06,1,0,1,0,725,2.758620689655172,2.758620689655172,2.758620689655172,2.758620689655172,False,False
A1,sbf,Q07,0,0,0,0,596,0.0,0.0,0.0,0.0,False,False
A1,sbf,Q08,0,0,0,0,620,0.0,0.0,0.0,0.0,False,False
A1,sbf,Q09,2,0,0,0,798,2.506265664160401,2.506265664160401,2.506265664160401,2.506265664160401,False,False
A1,sbf,Q10,3,3,0,0,649,9.244992295839754,9.244992295839754,9.244992295839754,9.244992295839754,False,False
A1,sbf,Q11,2,2,0,1,691,5.788712011577424,7.23589001447178,5.788712011577424,7.23589001447178,False,False
A1,sbf,Q12,3,0,0,0,446,6.72645739910314,6.72645739910314,6.72645739910314,6.72645739910314,False,False
A1,sbf,Q13,2,0,0,0,491,4.0733197556008145,4.0733197556008145,4.0733197556008145,4.0733197556008145,False,False
A1,sbf,Q14,0,0,0,0,432,0.0,0.0,0.0,0.0,False,False
A1,sbf,Q15,2,0,0,0,600,3.3333333333333335,3.3333333333333335,3.3333333333333335,3.3333333333333335,False,False
A1,vre,Q01,1,0,0,0,561,1.7825311942959001,1.7825311942959001,1.7825311942959001,1.7825311942959001,False,False
A1,vre,Q02,1,0,0,0,518,1.9305019305019306,1.9305019305019306,1.9305019305019306,1.9305019305019306,False,False
A1,vre,Q03,0,0,0,0,335,0.0,0.0,0.0,0.0,False,False
A1,vre,Q04,0,0,0,0,509,0.0,0.0,0.0,0.0,False,False
A1,vre,Q05,1,1,0,0,643,3.1104199066874028,3.1104199066874028,3.1104199066874028,3.1104199066874028,False,False
A1,vre,Q06,3,5,1,0,693,12.987012987012989,12.987012987012989,12.987012987012989,12.987012987012989,False,False
A1,vre,Q07,0,2,0,0,502,3.9840637450199203,3.9840637450199203,3.9840637450199203,3.9840637450199203,False,False
A1,vre,Q08,1,1,0,0,611,3.273322422258593,3.273322422258593,3.273322422258593,3.273322422258593,False,False
A1,vre,Q09,1,1,1,0,626,4.792332268370607,4.792332268370607,4.792332268370607,4.792332268370607,False,False
A1,vre,Q10,2,0,1,0,632,4.746835443037975,4.746835443037975,4.746835443037975,4.746835443037975,False,False
A1,vre,Q11,2,3,0,0,754,6.631299734748011,6.631299734748011,6.631299734748011,6.631299734748011,False,False
A1,vre,Q12,1,1,1,0,377,7.957559681697613,7.957559681697613,7.957559681697613,7.957559681697613,False,False
A1,vre,Q13,2,2,0,0,527,7.590132827324478,7.590132827324478,7.590132827324478,7.590132827324478,False,False
A1,vre,Q14,1,0,0,0,393,2.544529262086514,2.544529262086514,2.544529262086514,2.544529262086514,False,False
A1,vre,Q15,2,2,3,0,488,14.344262295081968,14.344262295081968,14.344262295081968,14.344262295081968,False,False
A1,wdocd,Q01,0,0,0,0,592,0.0,0.0,0.0,0.0,False,False
A1,wdocd,Q02,0,0,0,0,553,0.0,0.0,0.0,0.0,False,False
A1,wdocd,Q03,0,0,1,0,510,1.9607843137254901,1.9607843137254901,1.9607843137254901,1.9607843137254901,False,False
A1,wdocd,Q04,0,2,0,0,517,3.8684719535783367,3.8684719535783367,3.8684719535783367,3.8684719535783367,False,False
A1,wdocd,Q05,0,2,0,0,563,3.552397868561279,3.552397868561279,3.552397868561279,3.552397868561279,False,False
A1,wdocd,Q06,1,3,1,0,807,6.195786864931847,6.195786864931847,6.195786864931847,6.195786864931847,False,False
A1,wdocd,Q07,0,0,0,0,641,0.0,0.0,0.0,0.0,False,False
A1,wdocd,Q08,0,1,0,0,579,1.7271157167530224,1.7271157167530224,1.7271157167530224,1.7271157167530224,False,False
A1,wdocd,Q09,0,0,1,0,623,1.6051364365971108,1.6051364365971108,1.6051364365971108,1.6051364365971108,False,False
A1,wdocd,Q10,0,0,1,0,567,1.763668430335097,1.763668430335097,1.763668430335097,1.763668430335097,False,False
A1,wdocd,Q11,0,4,0,0,860,4.651162790697675,4.651162790697675,4.651162790697675,4.651162790697675,False,False
A1,wdocd,Q12,0,1,1,0,388,5.154639175257732,5.154639175257732,5.154639175257732,5.154639175257732,False,False
A1,wdocd,Q13,0,2,1,0,455,6.593406593406593,6.593406593406593,6.593406593406593,6.593406593406593,False,False
A1,wdocd,Q14,0,0,0,0,477,0.0,0.0,0.0,0.0,False,False
A1,wdocd,Q15,0,1,2,0,561,5.347593582887701,5.347593582887701,5.347593582887701,5.347593582887701,False,False
A2,aobf,Q01,0,0,0,1,162,0.0,6.172839506172839,0.0,6.172839506172839,False,False
A2,aobf,Q02,0,1,0,0,278,3.5971223021582737,3.5971223021582737,3.5971223021582737,3.5971223021582737,False,False
A2,aobf,Q03,0,0,0,0,264,0.0,0.0,0.0,0.0,False,False
A2,aobf,Q04,0,2,1,0,311,9.64630225080386,9.64630225080386,9.64630225080386,9.64630225080386,False,False
A2,aobf,Q05,0,2,2,1,329,12.158054711246201,15.197568389057752,12.158054711246201,15.197568389057752,False,False
A2,aobf,Q06,0,3,0,0,438,6.8493150684931505,6.8493150684931505,6.8493150684931505,6.8493150684931505,False,False
A2,aobf,Q07,0,1,1,1,411,4.866180048661801,7.299270072992701,4.866180048661801,7.299270072992701,False,False
A2,aobf,Q08,0,2,2,0,419,9.546539379474941,9.546539379474941,9.546539379474941,9.546539379474941,False,False
A2,aobf,Q09,0,1,0,0,394,2.5380710659898473,2.5380710659898473,2.5380710659898473,2.5380710659898473,False,False
A2,aobf,Q10,1,2,1,0,452,8.849557522123893,8.849557522123893,8.849557522123893,8.849557522123893,False,False
A2,aobf,Q11,1,4,1,1,551,10.88929219600726,12.704174228675136,10.88929219600726,12.704174228675136,False,False
A2,aobf,Q12,1,5,1,1,259,27.027027027027028,30.88803088803089,27.027027027027028,30.88803088803089,False,False
A2,aobf,Q13,1,2,2,0,421,11.876484560570072,11.876484560570072,11.876484560570072,11.876484560570072,False,False
A2,aobf,Q14,0,2,0,0,424,4.716981132075471,4.716981132075471,4.716981132075471,4.716981132075471,False,False
A2,aobf,Q15,0,5,2,0,485,14.43298969072165,14.43298969072165,14.43298969072165,14.43298969072165,False,False
A2,aow,Q01,0,0,0,0,179,0.0,0.0,0.0,0.0,False,False
A2,aow,Q02,0,0,0,0,222,0.0,0.0,0.0,0.0,False,False
A2,aow,Q03,0,0,2,0,248,8.064516129032258,8.064516129032258,8.064516129032258,8.064516129032258,False,False
A2,aow,Q04,0,3,0,1,273,10.989010989010989,14.652014652014651,10.989010989010989,14.652014652014651,False,False
A2,aow,Q05,0,1,0,0,311,3.215434083601286,3.215434083601286,3.215434083601286,3.215434083601286,False,False
A2,aow,Q06,0,1,2,0,409,7.334963325183374,7.334963325183374,7.334963325183374,7.334963325183374,False,False
A2,aow,Q07,0,3,0,3,443,6.772009029345372,13.544018058690744,6.772009029345372,13.544018058690744,False,False
A2,aow,Q08,1,1,0,0,374,5.347593582887701,5.347593582887701,5.347593582887701,5.347593582887701,False,False
A2,aow,Q09,0,0,0,0,401,0.0,0.0,0.0,0.0,False,False
A2,aow,Q10,0,1,1,0,471,4.246284501061571,4.246284501061571,4.246284501061571,4.246284501061571,False,False
A2,aow,Q11,0,1,0,1,595,1.680672268907563,3.361344537815126,1.680672268907563,3.361344537815126,False,False
A2,aow,Q12,0,5,0,0,318,15.723270440251572,15.723270440251572,15.723270440251572,15.723270440251572,False,False
A2,aow,Q13,0,0,1,0,430,2.3255813953488373,2.3255813953488373,2.3255813953488373,2.3255813953488373,False,False
A2,aow,Q14,0,0,0,0,381,0.0,0.0,0.0,0.0,False,False
A2,aow,Q15,0,4,4,1,474,16.877637130801688,18.9873417721519,16.877637130801688,18.9873417721519,False,False
A2,coa,Q01,0,0,1,0,158,6.329113924050633,6.329113924050633,6.329113924050633,6.329113924050633,False,False
A2,coa,Q02,0,1,1,0,276,7.246376811594203,7.246376811594203,7.246376811594203,7.246376811594203,False,False
A2,coa,Q03,0,0,1,0,226,4.424778761061947,4.424778761061947,4.424778761061947,4.424778761061947,False,False
A2,coa,Q04,0,3,4,1,295,23.728813559322035,27.11864406779661,23.728813559322035,27.11864406779661,False,False
A2,coa,Q05,0,1,0,1,335,2.985074626865672,5.970149253731344,2.985074626865672,5.970149253731344,False,False
A2,coa,Q06,1,3,2,0,404,14.85148514851485,14.85148514851485,14.85148514851485,14.85148514851485,False,False
A2,coa,Q07,1,4,1,2,403,14.88833746898263,19.851116625310173,14.88833746898263,19.851116625310173,False,False
A2,coa,Q08,0,5,2,0,448,15.625,15.625,15.625,15.625,False,False
A2,coa,Q09,0,1,1,0,454,4.405286343612335,4.405286343612335,4.405286343612335,4.405286343612335,False,False
A2,coa,Q10,0,1,4,0,475,10.526315789473683,10.526315789473683,10.526315789473683,10.526315789473683,False,False
A2,coa,Q11,1,6,4,4,554,19.855595667870038,27.075812274368232,19.855595667870038,27.075812274368232,False,False
A2,coa,Q12,0,1,3,0,349,11.461318051575931,11.461318051575931,11.461318051575931,11.461318051575931,False,False
A2,coa,Q13,1,1,4,0,384,15.625,15.625,15.625,15.625,False,False
A2,coa,Q14,0,1,0,0,407,2.457002457002457,2.457002457002457,2.457002457002457,2.457002457002457,False,False
A2,coa,Q15,0,3,2,0,462,10.822510822510822,10.822510822510822,10.822510822510822,10.822510822510822,False,False
A2,jsm,Q01,0,2,1,0,299,10.033444816053512,10.033444816053512,10.033444816053512,10.033444816053512,False,False
A2,jsm,Q02,0,3,0,0,302,9.933774834437086,9.933774834437086,9.933774834437086,9.933774834437086,False,False
A2,jsm,Q03,0,0,0,0,295,0.0,0.0,0.0,0.0,False,False
A2,jsm,Q04,0,5,0,1,370,13.513513513513514,16.216216216216218,13.513513513513514,16.216216216216218,False,False
A2,jsm,Q05,1,2,2,2,387,12.919896640826872,18.08785529715762,12.919896640826872,18.08785529715762,False,False
A2,jsm,Q06,4,6,1,0,449,24.498886414253896,24.498886414253896,24.498886414253896,24.498886414253896,False,False
A2,jsm,Q07,2,2,0,0,382,10.471204188481677,10.471204188481677,10.471204188481677,10.471204188481677,False,False
A2,jsm,Q08,0,1,1,0,458,4.366812227074235,4.366812227074235,4.366812227074235,4.366812227074235,False,False
A2,jsm,Q09,0,0,1,0,437,2.288329519450801,2.288329519450801,2.288329519450801,2.288329519450801,False,False
A2,jsm,Q10,0,1,1,0,487,4.106776180698152,4.106776180698152,4.106776180698152,4.106776180698152,False,False
A2,jsm,Q11,2,6,0,3,554,14.44043321299639,19.855595667870038,14.44043321299639,19.855595667870038,False,False
A2,jsm,Q12,1,2,2,1,412,12.135922330097086,14.563106796116505,12.135922330097086,14.563106796116505,False,False
A2,jsm,Q13,0,4,1,0,434,11.520737327188941,11.520737327188941,11.520737327188941,11.520737327188941,False,False
A2,jsm,Q14,0,1,0,0,492,2.032520325203252,2.032520325203252,2.032520325203252,2.032520325203252,False,False
A2,jsm,Q15,0,3,1,1,488,8.196721311475411,10.245901639344261,8.196721311475411,10.245901639344261,False,False
A2,lofd,Q01,1,0,1,0,236,8.474576271186441,8.474576271186441,8.474576271186441,8.474576271186441,False,False
A2,lofd,Q02,0,1,0,0,240,4.166666666666667,4.166666666666667,4.166666666666667,4.166666666666667,False,False
A2,lofd,Q03,1,0,0,0,246,4.065040650406504,4.065040650406504,4.065040650406504,4.065040650406504,False,False
A2,lofd,Q04,2,4,1,1,307,22.80130293159609,26.058631921824105,22.80130293159609,26.058631921824105,False,False
A2,lofd,Q05,1,3,1,0,326,15.337423312883436,15.337423312883436,15.337423312883436,15.337423312883436,False,False
A2,lofd,Q06,4,3,1,0,423,18.912529550827422,18.912529550827422,18.912529550827422,18.912529550827422,False,False
A2,lofd,Q07,0,5,1,1,402,14.925373134328359,17.412935323383085,14.925373134328359,17.412935323383085,False,False
A2,lofd,Q08,1,1,2,0,419,9.546539379474941,9.546539379474941,9.546539379474941,9.546539379474941,False,False
A2,lofd,Q09,0,2,1,0,442,6.787330316742081,6.787330316742081,6.787330316742081,6.787330316742081,False,False
A2,lofd,Q10,3,0,1,0,531,7.532956685499058,7.532956685499058,7.532956685499058,7.532956685499058,False,False
A2,lofd,Q11,4,3,2,1,505,17.82178217821782,19.801980198019802,17.82178217821782,19.801980198019802,False,False
A2,lofd,Q12,1,1,3,0,365,13.698630136986301,13.698630136986301,13.698630136986301,13.698630136986301,False,False
A2,lofd,Q13,2,1,1,0,389,10.282776349614394,10.282776349614394,10.282776349614394,10.282776349614394,False,False
A2,lofd,Q14,0,0,0,1,405,0.0,2.4691358024691357,0.0,2.4691358024691357,False,False
A2,lofd,Q15,1,1,1,1,436,6.8807339449541285,9.174311926605505,6.8807339449541285,9.174311926605505,False,False
A2,med,Q01,2,1,0,1,246,12.195121951219512,16.260162601626018,12.195121951219512,16.260162601626018,False,False
A2,med,Q02,2,0,0,1,320,6.25,9.375,6.25,9.375,False,False
A2,med,Q03,1,1,1,1,275,10.90909090909091,14.545454545454545,10.90909090909091,14.545454545454545,False,False
A2,med,Q04,3,2,2,1,304,23.02631578947368,26.31578947368421,23.02631578947368,26.31578947368421,False,False
A2,med,Q05,2,1,0,1,352,8.522727272727272,11.363636363636363,8.522727272727272,11.363636363636363,False,False
A2,med,Q06,2,5,0,1,418,16.74641148325359,19.138755980861244,16.74641148325359,19.138755980861244,False,False
A2,med,Q07,2,2,0,2,461,8.676789587852495,13.015184381778742,8.676789587852495,13.015184381778742,False,False
A2,med,Q08,2,0,1,0,462,6.493506493506494,6.493506493506494,6.493506493506494,6.493506493506494,False,False
A2,med,Q09,1,1,0,0,457,4.3763676148796495,4.3763676148796495,4.3763676148796495,4.3763676148796495,False,False
A2,med,Q10,0,3,2,0,485,10.309278350515465,10.309278350515465,10.309278350515465,10.309278350515465,False,False
A2,med,Q11,0,4,0,4,509,7.858546168958742,15.717092337917483,7.858546168958742,15.717092337917483,False,False
A2,med,Q12,2,3,1,0,422,14.218009478672984,14.218009478672984,14.218009478672984,14.218009478672984,False,False
A2,med,Q13,3,3,2,0,401,19.950124688279303,19.950124688279303,19.950124688279303,19.950124688279303,False,False
A2,med,Q14,1,3,0,0,532,7.518796992481203,7.518796992481203,7.518796992481203,7.518796992481203,False,False
A2,med,Q15,6,4,3,0,473,27.48414376321353,27.48414376321353,27.48414376321353,27.48414376321353,False,False
A2,nw,Q01,0,0,0,0,167,0.0,0.0,0.0,0.0,False,False
A2,nw,Q02,0,0,0,0,209,0.0,0.0,0.0,0.0,False,False
A2,nw,Q03,0,0,1,0,223,4.484304932735426,4.484304932735426,4.484304932735426,4.484304932735426,False,False
A2,nw,Q04,0,2,0,1,304,6.578947368421052,9.868421052631579,6.578947368421052,9.868421052631579,False,False
A2,nw,Q05,0,0,1,1,321,3.115264797507788,6.230529595015576,3.115264797507788,6.230529595015576,False,False
A2,nw,Q06,0,2,0,0,324,6.172839506172839,6.172839506172839,6.172839506172839,6.172839506172839,False,False
A2,nw,Q07,0,0,0,3,400,0.0,7.5,0.0,7.5,False,False
A2,nw,Q08,0,1,1,0,438,4.5662100456621,4.5662100456621,4.5662100456621,4.5662100456621,False,False
A2,nw,Q09,0,1,1,1,403,4.962779156327543,7.444168734491315,4.962779156327543,7.444168734491315,False,False
A2,nw,Q10,0,1,0,0,467,2.1413276231263385,2.1413276231263385,2.1413276231263385,2.1413276231263385,False,False
A2,nw,Q11,1,0,1,4,475,4.2105263157894735,12.631578947368421,4.2105263157894735,12.631578947368421,False,False
A2,nw,Q12,0,1,1,1,412,4.854368932038835,7.281553398058253,4.854368932038835,7.281553398058253,False,False
A2,nw,Q13,0,2,1,0,413,7.263922518159807,7.263922518159807,7.263922518159807,7.263922518159807,False,False
A2,nw,Q14,0,0,0,0,445,0.0,0.0,0.0,0.0,False,False
A2,nw,Q15,0,1,2,1,451,6.651884700665189,8.869179600886918,6.651884700665189,8.869179600886918,False,False
A2,sbf,Q01,0,0,0,0,164,0.0,0.0,0.0,0.0,False,False
A2,sbf,Q02,0,0,0,0,258,0.0,0.0,0.0,0.0,False,False
A2,sbf,Q03,0,0,0,0,241,0.0,0.0,0.0,0.0,False,False
A2,sbf,Q04,1,0,1,0,292,6.8493150684931505,6.8493150684931505,6.8493150684931505,6.8493150684931505,False,False
A2,sbf,Q05,1,1,0,1,332,6.024096385542169,9.036144578313253,6.024096385542169,9.036144578313253,False,False
A2,sbf,Q06,4,2,0,0,438,13.698630136986301,13.698630136986301,13.698630136986301,13.698630136986301,False,False
A2,sbf,Q07,1,1,0,0,401,4.987531172069826,4.987531172069826,4.987531172069826,4.987531172069826,False,False
A2,sbf,Q08,0,1,0,0,433,2.3094688221709005,2.3094688221709005,2.3094688221709005,2.3094688221709005,False,False
A2,sbf,Q09,1,0,0,0,402,2.487562189054726,2.487562189054726,2.487562189054726,2.487562189054726,False,False
A2,sbf,Q10,0,0,1,0,504,1.984126984126984,1.984126984126984,1.984126984126984,1.984126984126984,False,False
A2,sbf,Q11,0,3,1,3,482,8.298755186721992,14.522821576763485,8.298755186721992,14.522821576763485,False,False
A2,sbf,Q12,3,1,0,2,335,11.940298507462687,17.910447761194032,11.940298507462687,17.910447761194032,False,False
A2,sbf,Q13,0,2,0,0,367,5.449591280653951,5.449591280653951,5.449591280653951,5.449591280653951,False,False
A2,sbf,Q14,0,0,0,0,416,0.0,0.0,0.0,0.0,False,False
A2,sbf,Q15,0,1,1,0,467,4.282655246252677,4.282655246252677,4.282655246252677,4.282655246252677,False,False
A2,vre,Q01,0,0,0,0,151,0.0,0.0,0.0,0.0,False,False
A2,vre,Q02,0,0,0,0,295,0.0,0.0,0.0,0.0,False,False
A2,vre,Q03,0,0,0,0,295,0.0,0.0,0.0,0.0,False,False
A2,vre,Q04,2,1,0,1,335,8.955223880597016,11.940298507462687,8.955223880597016,11.940298507462687,False,False
A2,vre,Q05,0,0,0,1,333,0.0,3.003003003003003,0.0,3.003003003003003,False,False
A2,vre,Q06,3,7,0,0,418,23.923444976076556,23.923444976076556,23.923444976076556,23.923444976076556,False,False
A2,vre,Q07,2,3,0,3,415,12.048192771084338,19.27710843373494,12.048192771084338,19.27710843373494,False,False
A2,vre,Q08,0,0,1,0,462,2.1645021645021645,2.1645021645021645,2.1645021645021645,2.1645021645021645,False,False
A2,vre,Q09,0,0,1,0,427,2.34192037470726,2.34192037470726,2.34192037470726,2.34192037470726,False,False
A2,vre,Q10,0,0,0,0,461,0.0,0.0,0.0,0.0,False,False
A2,vre,Q11,0,3,3,4,475,12.631578947368421,21.052631578947366,12.631578947368421,21.052631578947366,False,False
A2,vre,Q12,0,2,0,1,327,6.116207951070336,9.174311926605505,6.116207951070336,9.174311926605505,False,False
A2,vre,Q13,1,0,1,1,397,5.037783375314861,7.556675062972292,5.037783375314861,7.556675062972292,False,False
A2,vre,Q14,0,0,0,0,460,0.0,0.0,0.0,0.0,False,False
A2,vre,Q15,0,0,2,0,453,4.415011037527594,4.415011037527594,4.415011037527594,4.415011037527594,False,False
A2,wdocd,Q01,0,0,0,0,177,0.0,0.0,0.0,0.0,False,False
A2,wdocd,Q02,0,1,0,0,173,5.780346820809248,5.780346820809248,5.780346820809248,5.780346820809248,False,False
A2,wdocd,Q03,0,0,0,1,211,0.0,4.739336492890995,0.0,4.739336492890995,False,False
A2,wdocd,Q04,0,2,0,0,233,8.583690987124463,8.583690987124463,8.583690987124463,8.583690987124463,False,False
A2,wdocd,Q05,0,1,0,1,296,3.3783783783783785,6.756756756756757,3.3783783783783785,6.756756756756757,False,False
A2,wdocd,Q06,0,2,0,0,382,5.235602094240838,5.235602094240838,5.235602094240838,5.235602094240838,False,False
A2,wdocd,Q07,0,3,0,2,400,7.5,12.5,7.5,12.5,False,False
A2,wdocd,Q08,0,2,0,0,470,4.25531914893617,4.25531914893617,4.25531914893617,4.25531914893617,False,False
A2,wdocd,Q09,0,1,0,0,428,2.336448598130841,2.336448598130841,2.336448598130841,2.336448598130841,False,False
A2,wdocd,Q10,0,1,1,0,487,4.106776180698152,4.106776180698152,4.106776180698152,4.106776180698152,False,False
A2,wdocd,Q11,0,0,2,1,562,3.558718861209964,5.338078291814947,3.558718861209964,5.338078291814947,False,False
A2,wdocd,Q12,0,0,1,1,455,2.197802197802198,4.395604395604396,2.197802197802198,4.395604395604396,False,False
A2,wdocd,Q13,0,3,2,1,442,11.312217194570135,13.574660633484163,11.312217194570135,13.574660633484163,False,False
A2,wdocd,Q14,0,0,0,0,486,0.0,0.0,0.0,0.0,False,False
A2,wdocd,Q15,0,2,2,3,474,8.438818565400844,14.767932489451477,8.438818565400844,14.767932489451477,False,False
A3,aobf,Q01,0,0,0,0,219,0.0,0.0,0.0,0.0,False,False
A3,aobf,Q02,0,1,0,0,208,4.807692307692308,4.807692307692308,4.807692307692308,4.807692307692308,False,False
A3,aobf,Q03,0,0,0,0,215,0.0,0.0,0.0,0.0,False,False
A3,aobf,Q04,0,0,0,0,190,0.0,0.0,0.0,0.0,False,False
A3,aobf,Q05,0,0,2,1,237,8.438818565400844,12.658227848101266,8.438818565400844,12.658227848101266,False,False
A3,aobf,Q06,0,3,1,0,345,11.594202898550725,11.594202898550725,11.594202898550725,11.594202898550725,False,False
A3,aobf,Q07,0,2,0,1,313,6.3897763578274756,9.584664536741213,6.3897763578274756,9.584664536741213,False,False
A3,aobf,Q08,0,2,0,0,356,5.617977528089887,5.617977528089887,5.617977528089887,5.617977528089887,False,False
A3,aobf,Q09,0,0,0,0,328,0.0,0.0,0.0,0.0,False,False
A3,aobf,Q10,0,1,0,0,358,2.793296089385475,2.793296089385475,2.793296089385475,2.793296089385475,False,False
A3,aobf,Q11,0,3,0,2,397,7.556675062972292,12.594458438287154,7.556675062972292,12.594458438287154,False,False
A3,aobf,Q12,0,1,1,0,216,9.25925925925926,9.25925925925926,9.25925925925926,9.25925925925926,False,False
A3,aobf,Q13,0,2,0,0,338,5.9171597633136095,5.9171597633136095,5.9171597633136095,5.9171597633136095,False,False
A3,aobf,Q14,0,0,0,0,354,0.0,0.0,0.0,0.0,False,False
A3,aobf,Q15,0,2,3,0,391,12.78772378516624,12.78772378516624,12.78772378516624,12.78772378516624,False,False
A3,aow,Q01,0,0,1,0,195,5.128205128205129,5.128205128205129,5.128205128205129,5.128205128205129,False,False
A3,aow,Q02,0,1,0,0,274,3.6496350364963503,3.6496350364963503,3.6496350364963503,3.6496350364963503,False,False
A3,aow,Q03,0,0,0,0,249,0.0,0.0,0.0,0.0,False,False
A3,aow,Q04,0,0,0,0,214,0.0,0.0,0.0,0.0,False,False
A3,aow,Q05,0,0,0,1,199,0.0,5.025125628140704,0.0,5.025125628140704,False,False
A3,aow,Q06,0,0,0,0,373,0.0,0.0,0.0,0.0,False,False
A3,aow,Q07,0,0,0,1,331,0.0,3.0211480362537766,0.0,3.0211480362537766,False,False
A3,aow,Q08,0,1,0,0,346,2.890173410404624,2.890173410404624,2.890173410404624,2.890173410404624,False,False
A3,aow,Q09,0,0,0,0,344,0.0,0.0,0.0,0.0,False,False
A3,aow,Q10,0,1,0,0,392,2.5510204081632653,2.5510204081632653,2.5510204081632653,2.5510204081632653,False,False
A3,aow,Q11,0,3,0,1,378,7.936507936507936,10.582010582010582,7.936507936507936,10.582010582010582,False,False
A3,aow,Q12,0,1,0,0,219,4.5662100456621,4.5662100456621,4.5662100456621,4.5662100456621,False,False
A3,aow,Q13,0,0,0,0,293,0.0,0.0,0.0,0.0,False,False
A3,aow,Q14,0,0,0,0,352,0.0,0.0,0.0,0.0,False,False
A3,aow,Q15,0,1,2,0,364,8.241758241758243,8.241758241758243,8.241758241758243,8.241758241758243,False,False
A3,coa,Q01,0,0,2,0,220,9.09090909090909,9.09090909090909,9.09090909090909,9.09090909090909,False,False
A3,coa,Q02,0,0,0,0,222,0.0,0.0,0.0,0.0,False,False
A3,coa,Q03,0,0,1,1,255,3.9215686274509802,7.8431372549019605,3.9215686274509802,7.8431372549019605,False,False
A3,coa,Q04,0,1,1,1,223,8.968609865470851,13.45291479820628,8.968609865470851,13.45291479820628,False,False
A3,coa,Q05,0,1,1,0,316,6.329113924050633,6.329113924050633,6.329113924050633,6.329113924050633,False,False
A3,coa,Q06,0,2,1,0,352,8.522727272727272,8.522727272727272,8.522727272727272,8.522727272727272,False,False
A3,coa,Q07,0,1,2,1,357,8.403361344537815,11.204481792717086,8.403361344537815,11.204481792717086,False,False
A3,coa,Q08,0,3,1,0,380,10.526315789473683,10.526315789473683,10.526315789473683,10.526315789473683,False,False
A3,coa,Q09,0,0,1,0,418,2.3923444976076556,2.3923444976076556,2.3923444976076556,2.3923444976076556,False,False
A3,coa,Q10,0,0,4,0,479,8.35073068893528,8.35073068893528,8.35073068893528,8.35073068893528,False,False
A3,coa,Q11,0,4,5,1,461,19.522776572668114,21.691973969631235,19.522776572668114,21.691973969631235,False,False
A3,coa,Q12,0,0,1,0,292,3.4246575342465753,3.4246575342465753,3.4246575342465753,3.4246575342465753,False,False
A3,coa,Q13,0,3,4,0,404,17.32673267326733,17.32673267326733,17.32673267326733,17.32673267326733,False,False
A3,coa,Q14,0,0,0,0,399,0.0,0.0,0.0,0.0,False,False
A3,coa,Q15,1,3,2,1,435,13.793103448275861,16.091954022988507,13.793103448275861,16.091954022988507,False,False
A3,jsm,Q01,0,0,0,0,266,0.0,0.0,0.0,0.0,False,False
A3,jsm,Q02,0,1,0,0,271,3.6900369003690034,3.6900369003690034,3.6900369003690034,3.6900369003690034,False,False
A3,jsm,Q03,0,1,0,0,250,4.0,4.0,4.0,4.0,False,False
A3,jsm,Q04,0,1,1,1,224,8.928571428571429,13.392857142857142,8.928571428571429,13.392857142857142,False,False
A3,jsm,Q05,0,1,0,0,282,3.5460992907801416,3.5460992907801416,3.5460992907801416,3.5460992907801416,False,False
A3,jsm,Q06,2,2,1,1,332,15.060240963855422,18.072289156626507,15.060240963855422,18.072289156626507,False,False
A3,jsm,Q07,1,2,1,2,290,13.793103448275861,20.689655172413794,13.793103448275861,20.689655172413794,False,False
A3,jsm,Q08,0,0,2,0,353,5.6657223796034,5.6657223796034,5.6657223796034,5.6657223796034,False,False
A3,jsm,Q09,0,0,0,0,356,0.0,0.0,0.0,0.0,False,False
A3,jsm,Q10,0,0,0,0,405,0.0,0.0,0.0,0.0,False,False
A3,jsm,Q11,0,2,1,3,400,7.5,15.0,7.5,15.0,False,False
A3,jsm,Q12,2,0,1,0,229,13.100436681222707,13.100436681222707,13.100436681222707,13.100436681222707,False,False
A3,jsm,Q13,0,2,1,0,364,8.241758241758243,8.241758241758243,8.241758241758243,8.241758241758243,False,False
A3,jsm,Q14,0,1,0,0,378,2.6455026455026456,2.6455026455026456,2.6455026455026456,2.6455026455026456,False,False
A3,jsm,Q15,1,2,0,1,413,7.263922518159807,9.685230024213075,7.263922518159807,9.685230024213075,False,False
A3,lofd,Q01,0,0,1,0,213,4.694835680751174,4.694835680751174,4.694835680751174,4.694835680751174,False,False
A3,lofd,Q02,0,0,0,0,193,0.0,0.0,0.0,0.0,False,False
A3,lofd,Q03,1,1,0,0,231,8.658008658008658,8.658008658008658,8.658008658008658,8.658008658008658,False,False
A3,lofd,Q04,1,0,1,0,214,9.345794392523365,9.345794392523365,9.345794392523365,9.345794392523365,False,False
A3,lofd,Q05,1,0,0,0,209,4.784688995215311,4.784688995215311,4.784688995215311,4.784688995215311,False,False
A3,lofd,Q06,2,4,1,0,309,22.653721682847898,22.653721682847898,22.653721682847898,22.653721682847898,False,False
A3,lofd,Q07,0,1,0,0,207,4.830917874396135,4.830917874396135,4.830917874396135,4.830917874396135,False,False
A3,lofd,Q08,0,1,0,0,304,3.289473684210526,3.289473684210526,3.289473684210526,3.289473684210526,False,False
A3,lofd,Q09,0,0,1,0,321,3.115264797507788,3.115264797507788,3.115264797507788,3.115264797507788,False,False
A3,lofd,Q10,1,0,0,0,378,2.6455026455026456,2.6455026455026456,2.6455026455026456,2.6455026455026456,False,False
A3,lofd,Q11,1,4,1,1,366,16.393442622950822,19.12568306010929,16.393442622950822,19.12568306010929,False,False
A3,lofd,Q12,1,0,2,0,246,12.195121951219512,12.195121951219512,12.195121951219512,12.195121951219512,False,False
A3,lofd,Q13,1,1,1,0,339,8.849557522123893,8.849557522123893,8.849557522123893,8.849557522123893,False,False
A3,lofd,Q14,1,0,0,1,355,2.8169014084507045,5.633802816901409,2.8169014084507045,5.633802816901409,False,False
A3,lofd,Q15,0,1,0,1,403,2.4813895781637716,4.962779156327543,2.4813895781637716,4.962779156327543,False,False
A3,med,Q01,0,0,0,0,200,0.0,0.0,0.0,0.0,False,False
A3,med,Q02,1,0,0,0,214,4.672897196261682,4.672897196261682,4.672897196261682,4.672897196261682,False,False
A3,med,Q03,0,0,0,0,236,0.0,0.0,0.0,0.0,False,False
A3,med,Q04,0,1,0,0,242,4.132231404958678,4.132231404958678,4.132231404958678,4.132231404958678,False,False
A3,med,Q05,1,1,0,0,295,6.779661016949152,6.779661016949152,6.779661016949152,6.779661016949152,False,False
A3,med,Q06,3,3,1,0,366,19.12568306010929,19.12568306010929,19.12568306010929,19.12568306010929,False,False
A3,med,Q07,1,1,0,2,348,5.747126436781609,11.494252873563218,5.747126436781609,11.494252873563218,False,False
A3,med,Q08,1,0,0,0,370,2.7027027027027026,2.7027027027027026,2.7027027027027026,2.7027027027027026,False,False
A3,med,Q09,0,1,0,0,383,2.6109660574412534,2.6109660574412534,2.6109660574412534,2.6109660574412534,False,False
A3,med,Q10,1,2,0,0,413,7.263922518159807,7.263922518159807,7.263922518159807,7.263922518159807,False,False
A3,med,Q11,3,4,0,4,446,15.695067264573991,24.663677130044842,15.695067264573991,24.663677130044842,False,False
A3,med,Q12,1,1,0,1,232,8.620689655172413,12.931034482758621,8.620689655172413,12.931034482758621,False,False
A3,med,Q13,4,2,1,1,352,19.886363636363637,22.727272727272727,19.886363636363637,22.727272727272727,False,False
A3,med,Q14,1,1,0,0,413,4.842615012106537,4.842615012106537,4.842615012106537,4.842615012106537,False,False
A3,med,Q15,3,3,2,0,404,19.801980198019802,19.801980198019802,19.801980198019802,19.801980198019802,False,False
A3,nw,Q01,0,0,0,0,253,0.0,0.0,0.0,0.0,False,False
A3,nw,Q02,0,0,0,0,219,0.0,0.0,0.0,0.0,False,False
A3,nw,Q03,0,0,0,0,210,0.0,0.0,0.0,0.0,False,False
A3,nw,Q04,0,2,0,0,204,9.803921568627452,9.803921568627452,9.803921568627452,9.803921568627452,False,False
A3,nw,Q05,0,0,0,0,273,0.0,0.0,0.0,0.0,False,False
A3,nw,Q06,0,1,0,0,358,2.793296089385475,2.793296089385475,2.793296089385475,2.793296089385475,False,False
A3,nw,Q07,1,0,0,1,300,3.3333333333333335,6.666666666666667,3.3333333333333335,6.666666666666667,False,False
A3,nw,Q08,0,1,0,0,368,2.717391304347826,2.717391304347826,2.717391304347826,2.717391304347826,False,False
A3,nw,Q09,0,0,0,0,336,0.0,0.0,0.0,0.0,False,False
A3,nw,Q10,0,0,0,0,378,0.0,0.0,0.0,0.0,False,False
A3,nw,Q11,0,2,1,3,393,7.633587786259541,15.267175572519083,7.633587786259541,15.267175572519083,False,False
A3,nw,Q12,0,0,0,0,243,0.0,0.0,0.0,0.0,False,False
A3,nw,Q13,0,2,0,0,331,6.042296072507553,6.042296072507553,6.042296072507553,6.042296072507553,False,False
A3,nw,Q14,0,0,0,0,392,0.0,0.0,0.0,0.0,False,False
A3,nw,Q15,0,0,0,1,344,0.0,2.9069767441860463,0.0,2.9069767441860463,False,False
A3,sbf,Q01,0,0,0,0,267,0.0,0.0,0.0,0.0,False,False
A3,sbf,Q02,0,0,0,0,262,0.0,0.0,0.0,0.0,False,False
A3,sbf,Q03,0,0,0,0,261,0.0,0.0,0.0,0.0,False,False
A3,sbf,Q04,0,0,0,0,203,0.0,0.0,0.0,0.0,False,False
A3,sbf,Q05,1,0,0,0,333,3.003003003003003,3.003003003003003,3.003003003003003,3.003003003003003,False,False
A3,sbf,Q06,0,1,0,0,393,2.544529262086514,2.544529262086514,2.544529262086514,2.544529262086514,False,False
A3,sbf,Q07,1,0,0,1,349,2.865329512893983,5.730659025787966,2.865329512893983,5.730659025787966,False,False
A3,sbf,Q08,0,0,0,0,365,0.0,0.0,0.0,0.0,False,False
A3,sbf,Q09,1,0,0,0,412,2.4271844660194173,2.4271844660194173,2.4271844660194173,2.4271844660194173,False,False
A3,sbf,Q10,1,1,0,0,391,5.115089514066496,5.115089514066496,5.115089514066496,5.115089514066496,False,False
A3,sbf,Q11,0,0,0,2,411,0.0,4.866180048661801,0.0,4.866180048661801,False,False
A3,sbf,Q12,1,1,0,0,264,7.575757575757576,7.575757575757576,7.575757575757576,7.575757575757576,False,False
A3,sbf,Q13,0,1,0,1,356,2.8089887640449436,5.617977528089887,2.8089887640449436,5.617977528089887,False,False
A3,sbf,Q14,0,0,0,0,388,0.0,0.0,0.0,0.0,False,False
A3,sbf,Q15,1,0,1,0,411,4.866180048661801,4.866180048661801,4.866180048661801,4.866180048661801,False,False
A3,vre,Q01,0,0,0,0,226,0.0,0.0,0.0,0.0,False,False
A3,vre,Q02,0,0,0,0,200,0.0,0.0,0.0,0.0,False,False
A3,vre,Q03,0,0,0,0,237,0.0,0.0,0.0,0.0,False,False
A3,vre,Q04,0,0,1,0,216,4.62962962962963,4.62962962962963,4.62962962962963,4.62962962962963,False,False
A3,vre,Q05,0,0,0,1,271,0.0,3.6900369003690034,0.0,3.6900369003690034,False,False
A3,vre,Q06,1,2,0,1,335,8.955223880597016,11.940298507462687,8.955223880597016,11.940298507462687,False,False
A3,vre,Q07,0,1,1,2,347,5.763688760806916,11.527377521613833,5.763688760806916,11.527377521613833,False,False
A3,vre,Q08,0,0,0,0,361,0.0,0.0,0.0,0.0,False,False
A3,vre,Q09,0,0,0,0,391,0.0,0.0,0.0,0.0,False,False
A3,vre,Q10,0,0,0,0,427,0.0,0.0,0.0,0.0,False,False
A3,vre,Q11,0,1,1,1,439,4.555808656036446,6.83371298405467,4.555808656036446,6.83371298405467,False,False
A3,vre,Q12,0,0,0,0,246,0.0,0.0,0.0,0.0,False,False
A3,vre,Q13,0,0,1,0,328,3.048780487804878,3.048780487804878,3.048780487804878,3.048780487804878,False,False
A3,vre,Q14,0,1,0,0,405,2.4691358024691357,2.4691358024691357,2.4691358024691357,2.4691358024691357,False,False
A3,vre,Q15,1,1,0,0,404,4.9504950495049505,4.9504950495049505,4.9504950495049505,4.9504950495049505,False,False
A3,wdocd,Q01,0,0,0,1,227,0.0,4.405286343612335,0.0,4.405286343612335,False,False
A3,wdocd,Q02,0,1,0,0,216,4.62962962962963,4.62962962962963,4.62962962962963,4.62962962962963,False,False
A3,wdocd,Q03,0,0,0,0,226,0.0,0.0,0.0,0.0,False,False
A3,wdocd,Q04,0,1,0,0,247,4.048582995951417,4.048582995951417,4.048582995951417,4.048582995951417,False,False
A3,wdocd,Q05,0,0,0,0,276,0.0,0.0,0.0,0.0,False,False
A3,wdocd,Q06,0,1,0,0,273,3.663003663003663,3.663003663003663,3.663003663003663,3.663003663003663,False,False
A3,wdocd,Q07,0,0,0,0,245,0.0,0.0,0.0,0.0,False,False
A3,wdocd,Q08,0,0,0,0,246,0.0,0.0,0.0,0.0,False,False
A3,wdocd,Q09,0,1,0,0,344,2.9069767441860463,2.9069767441860463,2.9069767441860463,2.9069767441860463,False,False
A3,wdocd,Q10,0,0,0,0,376,0.0,0.0,0.0,0.0,False,False
A3,wdocd,Q11,0,0,0,2,391,0.0,5.115089514066496,0.0,5.115089514066496,False,False
A3,wdocd,Q12,0,1,0,1,252,3.968253968253968,7.936507936507936,3.968253968253968,7.936507936507936,False,False
A3,wdocd,Q13,0,2,0,1,329,6.079027355623101,9.11854103343465,6.079027355623101,9.11854103343465,False,False
A3,wdocd,Q14,0,0,0,0,349,0.0,0.0,0.0,0.0,False,False
A3,wdocd,Q15,0,2,1,2,411,7.299270072992701,12.165450121654501,7.299270072992701,12.165450121654501,False,False
B,aobf,Q01,0,1,0,1,141,7.092198581560283,14.184397163120567,6.25,18.75,True,True
B,aobf,Q02,0,1,0,0,131,7.633587786259541,7.633587786259541,6.622516556291391,13.245033112582782,True,True
B,aobf,Q03,0,1,1,0,141,14.184397163120567,14.184397163120567,12.345679012345679,18.51851851851852,True,True
B,aobf,Q04,0,1,0,0,158,6.329113924050633,6.329113924050633,10.989010989010989,16.483516483516485,True,True
B,aobf,Q05,0,1,0,0,147,6.802721088435374,6.802721088435374,5.952380952380952,11.904761904761903,True,True
B,aobf,Q06,0,1,1,0,163,12.269938650306749,12.269938650306749,10.752688172043012,16.129032258064516,True,True
B,aobf,Q07,0,0,0,0,173,0.0,0.0,0.0,5.208333333333333,True,True
B,aobf,Q08,0,0,1,0,169,5.9171597633136095,5.9171597633136095,5.208333333333333,10.416666666666666,True,True
B,aobf,Q09,0,1,0,0,195,5.128205128205129,5.128205128205129,4.62962962962963,9.25925925925926,True,True
B,aobf,Q10,0,1,1,0,222,9.00900900900901,9.00900900900901,8.16326530612245,12.244897959183673,True,True
B,aobf,Q11,0,2,0,1,191,10.471204188481677,15.706806282722512,9.389671361502348,18.779342723004696,True,True
B,aobf,Q12,0,0,1,0,143,6.993006993006993,6.993006993006993,6.0606060606060606,12.121212121212121,True,True
B,aobf,Q13,0,0,0,0,181,0.0,0.0,0.0,4.926108374384237,True,True
B,aobf,Q14,0,0,0,0,185,0.0,0.0,0.0,4.878048780487805,True,True
B,aobf,Q15,0,1,1,1,184,10.869565217391305,16.304347826086957,9.75609756097561,19.51219512195122,True,True
B,aow,Q01,0,0,0,0,154,0.0,0.0,0.0,5.847953216374268,True,True
B,aow,Q02,0,0,0,0,166,0.0,0.0,0.0,5.434782608695652,True,True
B,aow,Q03,0,0,1,0,167,5.9880239520958085,5.9880239520958085,5.434782608695652,10.869565217391305,True,True
B,aow,Q04,0,0,0,0,171,0.0,0.0,0.0,5.347593582887701,True,True
B,aow,Q05,0,1,0,0,152,6.578947368421052,6.578947368421052,5.847953216374268,11.695906432748536,True,True
B,aow,Q06,0,0,0,0,177,0.0,0.0,0.0,5.128205128205129,True,True
B,aow,Q07,0,0,0,0,203,0.0,0.0,0.0,4.524886877828055,True,True
B,aow,Q08,0,0,0,0,190,0.0,0.0,0.0,4.901960784313726,True,True
B,aow,Q09,0,0,0,0,194,0.0,0.0,0.0,4.651162790697675,True,True
B,aow,Q10,0,1,1,0,213,9.389671361502348,9.389671361502348,8.73362445414847,13.100436681222707,True,True
B,aow,Q11,0,1,0,0,258,3.875968992248062,3.875968992248062,3.6231884057971016,7.246376811594203,True,True
B,aow,Q12,0,1,0,0,150,6.666666666666667,6.666666666666667,5.88235294117647,11.76470588235294,True,True
B,aow,Q13,0,0,0,0,181,0.0,0.0,0.0,5.025125628140704,True,True
B,aow,Q14,0,1,0,0,193,5.181347150259067,5.181347150259067,4.694835680751174,9.389671361502348,True,True
B,aow,Q15,0,0,1,0,193,5.181347150259067,5.181347150259067,4.716981132075471,9.433962264150942,True,True
B,coa,Q01,0,1,1,0,132,15.151515151515152,15.151515151515152,13.071895424836601,19.607843137254903,True,True
B,coa,Q02,0,0,0,0,139,0.0,0.0,0.0,0.0,True,True
B,coa,Q03,0,1,0,1,144,6.944444444444444,13.888888888888888,5.952380952380952,17.857142857142858,True,True
B,coa,Q04,0,0,1,0,148,6.756756756756757,6.756756756756757,5.88235294117647,11.76470588235294,True,True
B,coa,Q05,0,0,0,1,183,0.0,5.46448087431694,0.0,9.852216748768473,True,True
B,coa,Q06,0,0,1,0,150,6.666666666666667,6.666666666666667,5.780346820809248,11.560693641618496,True,True
B,coa,Q07,0,0,1,0,156,6.41025641025641,6.41025641025641,5.58659217877095,11.1731843575419,True,True
B,coa,Q08,0,1,0,0,134,7.462686567164179,7.462686567164179,6.172839506172839,12.345679012345679,True,True
B,coa,Q09,0,1,0,0,172,5.813953488372093,5.813953488372093,5.181347150259067,10.362694300518134,True,True
B,coa,Q10,0,0,1,0,191,5.235602094240838,5.235602094240838,4.739336492890995,9.47867298578199,True,True
B,coa,Q11,0,1,1,0,168,11.904761904761903,11.904761904761903,10.471204188481677,15.706806282722512,True,True
B,coa,Q12,0,0,0,0,146,0.0,0.0,0.0,5.952380952380952,True,True
B,coa,Q13,0,0,1,1,161,6.211180124223602,12.422360248447204,5.347593582887701,16.0427807486631,True,True
B,coa,Q14,0,0,0,0,168,0.0,0.0,0.0,5.291005291005291,True,True
B,coa,Q15,0,0,2,0,185,10.81081081081081,10.81081081081081,9.852216748768473,14.778325123152708,True,True
B,jsm,Q01,0,1,0,0,139,7.194244604316547,7.194244604316547,6.451612903225806,12.903225806451612,True,True
B,jsm,Q02,0,0,0,0,138,0.0,0.0,0.0,6.41025641025641,True,True
B,jsm,Q03,0,0,0,0,144,0.0,0.0,0.0,6.0606060606060606,True,True
B,jsm,Q04,0,1,0,0,148,6.756756756756757,6.756756756756757,5.9880239520958085,11.976047904191617,True,True
B,jsm,Q05,0,1,0,0,141,7.092198581560283,7.092198581560283,6.25,12.5,True,True
B,jsm,Q06,0,0,0,0,148,0.0,0.0,0.0,6.097560975609756,True,True
B,jsm,Q07,0,1,0,0,117,8.547008547008549,8.547008547008549,7.407407407407407,14.814814814814815,True,True
B,jsm,Q08,0,0,1,1,130,7.6923076923076925,15.384615384615385,6.666666666666667,20.0,True,True
B,jsm,Q09,0,0,0,0,138,0.0,0.0,0.0,6.211180124223602,True,True
B,jsm,Q10,0,1,1,0,149,13.422818791946309,13.422818791946309,12.121212121212121,18.18181818181818,True,True
B,jsm,Q11,0,0,1,0,155,6.451612903225806,6.451612903225806,5.847953216374268,11.695906432748536,True,True
B,jsm,Q12,0,2,0,0,118,16.949152542372882,16.949152542372882,15.037593984962406,22.55639097744361,True,True
B,jsm,Q13,0,1,0,0,132,7.575757575757576,7.575757575757576,6.756756756756757,13.513513513513514,True,True
B,jsm,Q14,0,0,0,0,145,0.0,0.0,0.0,6.0606060606060606,True,True
B,jsm,Q15,0,0,0,1,151,0.0,6.622516556291391,0.0,11.904761904761903,True,True
B,lofd,Q01,0,0,1,0,153,6.5359477124183005,6.5359477124183005,5.714285714285714,11.428571428571429,True,True
B,lofd,Q02,0,0,0,0,157,0.0,0.0,0.0,5.58659217877095,True,True
B,lofd,Q03,0,0,0,0,160,0.0,0.0,0.0,5.46448087431694,True,True
B,lofd,Q04,1,1,1,0,158,18.9873417721519,18.9873417721519,16.393442622950822,21.85792349726776,True,True
B,lofd,Q05,0,0,0,0,147,0.0,0.0,0.0,6.024096385542169,True,True
B,lofd,Q06,0,1,0,0,171,5.847953216374268,5.847953216374268,5.291005291005291,10.582010582010582,True,True
B,lofd,Q07,0,1,0,0,148,6.756756756756757,6.756756756756757,5.681818181818182,11.363636363636363,True,True
B,lofd,Q08,1,0,1,0,173,11.560693641618496,11.560693641618496,10.362694300518134,15.544041450777202,True,True
B,lofd,Q09,0,0,0,0,207,0.0,0.0,0.0,4.3478260869565215,True,True
B,lofd,Q10,0,0,0,0,211,0.0,0.0,0.0,4.237288135593221,True,True
B,lofd,Q11,0,1,0,0,181,5.524861878453039,5.524861878453039,9.900990099009901,14.85148514851485,True,True
B,lofd,Q12,1,0,0,0,147,6.802721088435374,6.802721088435374,6.024096385542169,12.048192771084338,True,True
B,lofd,Q13,0,0,0,0,152,0.0,0.0,0.0,5.649717514124294,True,True
B,lofd,Q14,0,0,0,1,172,0.0,5.813953488372093,0.0,10.416666666666666,True,True
B,lofd,Q15,0,0,0,0,179,0.0,0.0,0.0,4.975124378109452,True,True
B,med,Q01,1,0,0,0,131,7.633587786259541,7.633587786259541,6.7114093959731544,13.422818791946309,True,True
B,med,Q02,0,0,0,0,126,0.0,0.0,0.0,6.802721088435374,True,True
B,med,Q03,1,0,0,0,137,7.299270072992701,7.299270072992701,6.369426751592357,12.738853503184714,True,True
B,med,Q04,0,0,0,0,138,0.0,0.0,0.0,6.41025641025641,True,True
B,med,Q05,1,0,0,1,151,6.622516556291391,13.245033112582782,5.847953216374268,17.543859649122805,True,True
B,med,Q06,1,0,0,1,143,6.993006993006993,13.986013986013987,6.097560975609756,18.29268292682927,True,True
B,med,Q07,0,2,0,0,172,11.627906976744185,11.627906976744185,10.526315789473683,15.789473684210527,True,True
B,med,Q08,0,1,0,0,178,5.617977528089887,5.617977528089887,5.050505050505051,10.101010101010102,True,True
B,med,Q09,0,0,0,0,196,0.0,0.0,0.0,4.608294930875576,True,True
B,med,Q10,0,0,0,0,215,0.0,0.0,0.0,4.291845493562231,True,True
B,med,Q11,1,2,0,1,219,13.698630136986301,18.2648401826484,12.552301255230125,20.920502092050206,True,True
B,med,Q12,0,1,0,0,171,5.847953216374268,5.847953216374268,5.235602094240838,10.471204188481677,True,True
B,med,Q13,2,1,1,0,169,23.668639053254438,23.668639053254438,21.164021164021165,26.455026455026452,True,True
B,med,Q14,0,2,0,0,194,10.309278350515465,10.309278350515465,9.389671361502348,14.084507042253522,True,True
B,med,Q15,1,3,1,0,187,26.737967914438503,26.737967914438503,24.271844660194173,29.12621359223301,True,True
B,nw,Q01,0,1,0,0,134,7.462686567164179,7.462686567164179,6.666666666666667,13.333333333333334,True,True
B,nw,Q02,0,1,0,0,128,7.8125,7.8125,6.802721088435374,13.605442176870747,True,True
B,nw,Q03,0,0,0,0,129,0.0,0.0,0.0,6.8493150684931505,True,True
B,nw,Q04,0,0,0,0,132,0.0,0.0,0.0,6.666666666666667,True,True
B,nw,Q05,0,0,0,0,142,0.0,0.0,0.0,6.097560975609756,True,True
B,nw,Q06,0,0,0,0,133,0.0,0.0,0.0,6.666666666666667,True,True
B,nw,Q07,0,0,0,0,141,0.0,0.0,0.0,6.211180124223602,True,True
B,nw,Q08,0,0,0,0,141,0.0,0.0,0.0,6.329113924050633,True,True
B,nw,Q09,0,0,0,0,152,0.0,0.0,0.0,5.780346820809248,True,True
B,nw,Q10,0,0,0,0,182,0.0,0.0,0.0,5.076142131979695,True,True
B,nw,Q11,0,1,0,0,150,6.666666666666667,6.666666666666667,5.9171597633136095,11.834319526627219,True,True
B,nw,Q12,0,0,0,1,155,0.0,6.451612903225806,0.0,11.695906432748536,True,True
B,nw,Q13,0,0,0,0,146,0.0,0.0,0.0,6.25,True,True
B,nw,Q14,0,0,0,0,180,0.0,0.0,0.0,5.050505050505051,True,True
B,nw,Q15,0,0,0,0,172,0.0,0.0,0.0,5.291005291005291,True,True
B,sbf,Q01,1,0,0,0,144,6.944444444444444,6.944444444444444,6.024096385542169,6.024096385542169,True,True
B,sbf,Q02,0,0,0,0,181,0.0,0.0,0.0,0.0,False,False
B,sbf,Q03,0,0,0,0,158,0.0,0.0,0.0,0.0,True,True
B,sbf,Q04,0,0,0,0,169,0.0,0.0,0.0,0.0,False,False
B,sbf,Q05,0,0,0,0,138,0.0,0.0,0.0,0.0,True,True
B,sbf,Q06,0,1,0,0,185,5.405405405405405,5.405405405405405,5.405405405405405,5.405405405405405,False,False
B,sbf,Q07,0,0,0,0,146,0.0,0.0,0.0,0.0,True,True
B,sbf,Q08,0,1,0,0,176,5.681818181818182,5.681818181818182,5.681818181818182,5.681818181818182,False,False
B,sbf,Q09,1,0,0,0,175,5.714285714285714,5.714285714285714,4.975124378109452,4.975124378109452,True,True
B,sbf,Q10,0,0,0,0,230,0.0,0.0,0.0,0.0,False,False
B,sbf,Q11,0,1,0,0,186,5.376344086021506,5.376344086021506,4.651162790697675,4.651162790697675,True,True
B,sbf,Q12,1,0,0,0,149,6.7114093959731544,6.7114093959731544,5.813953488372093,5.813953488372093,True,True
B,sbf,Q13,1,0,0,0,163,6.134969325153374,6.134969325153374,5.376344086021506,5.376344086021506,True,True
B,sbf,Q14,0,0,0,0,186,0.0,0.0,0.0,0.0,True,True
B,sbf,Q15,1,0,0,0,186,5.376344086021506,5.376344086021506,4.739336492890995,4.739336492890995,True,True
B,vre,Q01,0,0,0,0,148,0.0,0.0,0.0,5.9880239520958085,True,True
B,vre,Q02,0,0,0,0,123,0.0,0.0,0.0,7.092198581560283,True,True
B,vre,Q03,0,0,0,0,147,0.0,0.0,0.0,6.134969325153374,True,True
B,vre,Q04,0,0,0,0,144,0.0,0.0,0.0,6.134969325153374,True,True
B,vre,Q05,0,0,0,0,172,0.0,0.0,0.0,5.181347150259067,True,True
B,vre,Q06,0,1,0,0,158,6.329113924050633,6.329113924050633,5.649717514124294,11.299435028248588,True,True
B,vre,Q07,0,1,0,0,190,5.263157894736842,5.263157894736842,4.807692307692308,9.615384615384617,True,True
B,vre,Q08,0,1,0,0,172,5.813953488372093,5.813953488372093,5.076142131979695,10.15228426395939,True,True
B,vre,Q09,0,0,0,0,168,0.0,0.0,0.0,5.235602094240838,True,True
B,vre,Q10,0,0,0,0,198,0.0,0.0,0.0,4.524886877828055,True,True
B,vre,Q11,0,1,1,0,175,11.428571428571429,11.428571428571429,10.362694300518134,15.544041450777202,True,True
B,vre,Q12,0,0,0,0,168,0.0,0.0,0.0,5.405405405405405,True,True
B,vre,Q13,0,0,0,1,161,0.0,6.211180124223602,0.0,11.235955056179774,True,True
B,vre,Q14,0,1,0,0,200,5.0,5.0,4.524886877828055,9.04977375565611,True,True
B,vre,Q15,0,1,1,0,204,9.803921568627452,9.803921568627452,9.04977375565611,13.574660633484163,True,True
B,wdocd,Q01,0,0,0,0,151,0.0,0.0,0.0,5.780346820809248,True,True
B,wdocd,Q02,0,0,0,0,178,0.0,0.0,0.0,5.050505050505051,True,True
B,wdocd,Q03,0,0,0,1,184,0.0,5.434782608695652,0.0,9.75609756097561,True,True
B,wdocd,Q04,0,0,0,0,166,0.0,0.0,0.0,5.347593582887701,True,True
B,wdocd,Q05,0,0,0,0,170,0.0,0.0,0.0,5.1020408163265305,True,True
B,wdocd,Q06,0,1,0,1,185,5.405405405405405,10.81081081081081,4.761904761904763,14.285714285714285,True,True
B,wdocd,Q07,0,0,0,0,204,0.0,0.0,0.0,4.424778761061947,True,True
B,wdocd,Q08,0,2,0,0,180,11.11111111111111,11.11111111111111,10.0,15.0,True,True
B,wdocd,Q09,0,0,0,0,190,0.0,0.0,0.0,4.716981132075471,True,True
B,wdocd,Q10,0,1,0,0,241,4.149377593360996,4.149377593360996,3.802281368821293,7.604562737642586,True,True
B,wdocd,Q11,0,0,0,0,201,0.0,0.0,0.0,4.545454545454545,True,True
B,wdocd,Q12,0,0,0,0,159,0.0,0.0,0.0,5.555555555555555,True,True
B,wdocd,Q13,0,1,0,0,160,6.25,6.25,5.58659217877095,11.1731843575419,True,True
B,wdocd,Q14,0,0,0,0,175,0.0,0.0,0.0,5.1020408163265305,True,True
B,wdocd,Q15,0,0,0,0,175,0.0,0.0,0.0,5.1020408163265305,True,True
