ab,title,cluster,A1,A2,A3,B,d_a2b,d_a3b
aow,Art of War,G3,4.162463205684677,5.505131525028814,2.330900680479843,2.8574648427634712,-48.094521815289134,22.590587693990848
aobf,Autobiography of Benjamin Franklin,G2,4.711496855467112,8.466261130356896,5.010838774510541,6.846673832876058,-19.129900112265545,36.637280522857004
jsm,Autobiography of John Stuart Mill,G1,7.060853914359276,9.363931522783389,6.229026299873244,5.445457199683493,-41.846464955087,-12.579319181967424
med,Meditations,G1,5.677704651453146,12.302348702941655,8.125460410640036,8.403782305663578,-31.689610589121724,3.425306148302535
lofd,Narrative of the Life of Frederick Douglass,G2,5.69408549852808,10.748910767292243,7.116974766258147,4.134418404413876,-61.536396627326575,-41.90764278081589
nw,Nathan the Wise,G3,2.7258862760458893,3.6668250597737595,2.1549217436307453,1.4627902155887231,-60.10744467643144,-32.118638650695324
coa,The Confessions of St. Augustine,G1,4.423931871598052,11.015467295495815,8.038196755308077,5.957908961280857,-45.913243610491,-25.88003077498056
sbf,The Souls of Black Folk,G2,2.7966869024172425,4.554135398635691,2.080404143102249,3.1563347092748857,-30.692998055779206,51.71738240091346
vre,The Varieties of Religious Experience,G1,5.04498691320826,5.175591031883236,2.291517484456598,2.90924788695723,-43.78906932492606,26.957263328371162
wdocd,"Walden, and On the Duty of Civil Disobedience",G2,2.828010915115459,4.445607935153415,2.172982961976035,1.7943929406585009,-59.63672535156708,-17.422595019947032
