basis,contrast,mean_a,mean_b,pct,W,p1,p2,r,n,n_nonzero
D1–D3 (B stripped),A1 vs A2,4.51261070038772,7.524421036934491,66.74208205657978,1966.0,0.9999999990922915,1.8154168606755822e-09,0.4910015484487272,150,138
D1–D3 (B stripped),A1 vs A3,4.51261070038772,4.555122402023551,0.9420644602065679,4659.0,0.26985714622502044,0.5397142924500409,0.050071252197434114,150,132
D1–D3 (B stripped),A1 vs B,4.51261070038772,4.296847129916067,-4.781346869853292,4188.5,0.32357055750200137,0.6471411150040027,0.03737410219499667,150,126
D1–D3 (B stripped),A2 vs A3,7.524421036934491,4.555122402023551,-39.46215423533312,7272.0,6.239975197460166e-12,1.2479950394920331e-11,0.5531391773333361,150,131
D1–D3 (B stripped),A2 vs B,7.524421036934491,4.296847129916067,-42.89464785630023,6973.0,2.192461348618772e-09,4.384922697237544e-09,0.4791999649283412,150,132
D1–D3 (B stripped),A3 vs B,4.555122402023551,4.296847129916067,-5.669996309928995,3553.5,0.32918577300713414,0.6583715460142683,0.03610242530342884,150,116
D1–D3 (B raw),A1 vs A2,4.51261070038772,7.524421036934491,66.74208205657978,1966.0,0.9999999990922915,1.8154168606755822e-09,0.4910015484487272,150,138
D1–D3 (B raw),A1 vs A3,4.51261070038772,4.555122402023551,0.9420644602065679,4659.0,0.26985714622502044,0.5397142924500409,0.050071252197434114,150,132
D1–D3 (B raw),A1 vs B,4.51261070038772,3.892528990692081,-13.741085834024242,4654.5,0.07767986699234053,0.15535973398468106,0.11601209567054933,150,127
D1–D3 (B raw),A2 vs A3,7.524421036934491,4.555122402023551,-39.46215423533312,7272.0,6.239975197460166e-12,1.2479950394920331e-11,0.5531391773333361,150,131
D1–D3 (B raw),A2 vs B,7.524421036934491,3.892528990692081,-48.268059807058215,7365.0,6.931971590535254e-12,1.3863943181070507e-11,0.5518962907232192,150,132
D1–D3 (B raw),A3 vs B,4.555122402023551,3.892528990692081,-14.546116500340853,3979.0,0.05322298967146837,0.10644597934293674,0.1318132163726436,150,116
Tier-1 (B stripped),A1 vs A2,4.67632578057211,8.920821590669965,90.76561405819281,1419.0,0.9999999999998699,2.6019114628610797e-13,0.5971481946021137,150,140
Tier-1 (B stripped),A1 vs A3,4.67632578057211,5.578695990466764,19.29656427367762,3901.0,0.8934890449661127,0.2130219100677746,0.10167822714182327,150,133
Tier-1 (B stripped),A1 vs B,4.67632578057211,4.951488337255826,5.884161403529333,3892.0,0.7126841788844946,0.5746316422310107,0.04582532910806355,150,128
Tier-1 (B stripped),A2 vs A3,8.920821590669965,5.578695990466764,-37.46432507627588,7620.0,1.4195529587936296e-11,2.839105917587259e-11,0.5433526216967746,150,135
Tier-1 (B stripped),A2 vs B,8.920821590669965,4.951488337255826,-44.49515342359892,7453.0,6.346814509574546e-10,1.2693629019149092e-09,0.49571364145134533,150,136
Tier-1 (B stripped),A3 vs B,5.578695990466764,4.951488337255826,-11.242907917598503,4279.5,0.11950564440500916,0.23901128881001832,0.09613934254784583,150,123
Tier-1 (B raw),A1 vs A2,4.67632578057211,8.920821590669965,90.76561405819281,1419.0,0.9999999999998699,2.6019114628610797e-13,0.5971481946021137,150,140
Tier-1 (B raw),A1 vs A3,4.67632578057211,5.578695990466764,19.29656427367762,3901.0,0.8934890449661127,0.2130219100677746,0.10167822714182327,150,133
Tier-1 (B raw),A1 vs B,4.67632578057211,9.393050303585241,100.86389923064935,1114.0,1.0,6.085131450637428e-17,0.6828821693721174,150,147
Tier-1 (B raw),A2 vs A3,8.920821590669965,5.578695990466764,-37.46432507627588,7620.0,1.4195529587936296e-11,2.839105917587259e-11,0.5433526216967746,150,135
Tier-1 (B raw),A2 vs B,8.920821590669965,9.393050303585241,5.2935562954108075,4854.0,0.8710263529575695,0.25794729408486106,0.09236667799984305,150,147
Tier-1 (B raw),A3 vs B,5.578695990466764,9.393050303585241,68.37358263717348,1689.0,0.9999999999994302,1.1394533225539995e-12,0.5807345973551477,150,145
